polymer,size_class,shape,aging,n_scenarios,baseline_mean_risk,mc_mean_risk,mc_sd_risk,mean_prob_severe,mean_prob_high_or_severe,mean_uncertainty_band,stable_classification_rate
PS,nano-scale,fiber,oxidized,432,0.5407334876355938,0.5405551437453859,0.019117386878303593,0.08885030864197531,0.5074228395061728,0.062199242669307694,0.7523148148148148
PE,nano-scale,fiber,oxidized,432,0.5315580728796404,0.5312547098826564,0.01892688618403666,0.08125771604938271,0.4832098765432099,0.06163645270072181,0.7962962962962963
PP,nano-scale,fiber,oxidized,432,0.5283953557805515,0.5280833836854113,0.01879966052823713,0.07795524691358026,0.47651234567901235,0.06107172349514421,0.7916666666666666
PS,nano-scale,fiber,UV-aged,432,0.5281772832720996,0.5279281974310899,0.018806084444881212,0.07496141975308641,0.4773611111111111,0.061512613303503605,0.7824074074074074
PVC,nano-scale,fiber,oxidized,432,0.5269962027257898,0.5268275195370091,0.018784822021834197,0.07266975308641975,0.47484567901234565,0.061208026152741915,0.7800925925925926
PS,submicron-to-small,fiber,oxidized,216,0.524361699443857,0.5240979226448249,0.01861970144030531,0.07364197530864197,0.46555555555555556,0.06058467489832292,0.8055555555555556
PS,nano-scale,fragment,oxidized,432,0.5238502919770562,0.5236882709401424,0.018674074375181152,0.07021604938271604,0.4679706790123457,0.060956697823080434,0.7986111111111112
PET,nano-scale,fiber,oxidized,432,0.5202290784204956,0.5200192269685214,0.018524555931289557,0.06321759259259259,0.46021604938271604,0.06032653155008774,0.8009259259259259
PE,nano-scale,fiber,UV-aged,432,0.5190229201155134,0.5186721513007689,0.018441413227672846,0.06872685185185186,0.457037037037037,0.06016442624373566,0.8009259259259259
PP,nano-scale,fiber,UV-aged,432,0.5157738075022638,0.5155198710348471,0.018346473936260314,0.06450617283950617,0.44979166666666665,0.05993075894713554,0.8125
PE,nano-scale,fragment,oxidized,432,0.5150979360750646,0.5148374360215974,0.01841330466129107,0.0639891975308642,0.44940586419753087,0.05997753276712178,0.8148148148148148
PVC,nano-scale,fiber,UV-aged,432,0.5140429875619985,0.5138722368649499,0.01820288645789016,0.05647376543209877,0.447554012345679,0.059397576038640876,0.8125
PE,submicron-to-small,fiber,oxidized,216,0.5137904391087793,0.5135753031862199,0.01832824708857317,0.06503086419753086,0.4438117283950617,0.05967989170817057,0.8148148148148148
PP,nano-scale,fragment,oxidized,432,0.5116666302995774,0.5114175432660581,0.01817836967050446,0.05957561728395062,0.441712962962963,0.05931779292916785,0.8217592592592593
PS,nano-scale,fragment,UV-aged,432,0.5110355327625764,0.5109570279171474,0.018144343170469573,0.05570987654320988,0.44086419753086425,0.05924083028472422,0.8240740740740741
PP,submicron-to-small,fiber,oxidized,216,0.5107020120787521,0.510505311094552,0.01818423153539722,0.0617283950617284,0.43688271604938267,0.05915058767569013,0.8194444444444444
PS,submicron-to-small,fiber,UV-aged,216,0.5106590790766954,0.5104255115411427,0.018143394619274552,0.057978395061728395,0.4370833333333333,0.059223163219845484,0.8148148148148148
PVC,submicron-to-small,fiber,oxidized,216,0.5104890945696096,0.5102532729476261,0.01816837174057709,0.05583333333333334,0.43703703703703706,0.059489093785889874,0.8194444444444444
PS,submicron-to-small,fragment,oxidized,216,0.5098894020569533,0.5096068072805795,0.01813554809549027,0.05654320987654321,0.43645061728395057,0.059136149363642435,0.8333333333333334
PVC,nano-scale,fragment,oxidized,432,0.5095279726239021,0.509331601769174,0.018161271849121013,0.051520061728395065,0.4375462962962963,0.059246313274998234,0.8263888888888888
PET,nano-scale,fiber,UV-aged,432,0.5071443985377417,0.5070117784927799,0.017978031973507905,0.047762345679012344,0.4323456790123457,0.05843919773133894,0.8194444444444444
PET,submicron-to-small,fiber,oxidized,216,0.5038197843569916,0.5036990269870185,0.017917264795697843,0.046080246913580244,0.4251851851851852,0.058301265897337924,0.8333333333333334
PET,nano-scale,fragment,oxidized,432,0.5025472588826114,0.5024370489177963,0.017909929575613853,0.04212962962962963,0.42277777777777775,0.058241630925477406,0.8263888888888888
PE,nano-scale,fragment,UV-aged,432,0.502306403259609,0.5021127035252694,0.01780901874810757,0.04994598765432099,0.42289351851851853,0.058024258290403315,0.8287037037037037
PE,submicron-to-small,fiber,UV-aged,216,0.5001290246883057,0.4999496080570019,0.017724599430312092,0.0503858024691358,0.4158024691358025,0.057916568011855914,0.8194444444444444
PE,submicron-to-small,fragment,oxidized,216,0.4997463883164111,0.49965439967300357,0.017672432027635184,0.04873456790123457,0.4153703703703704,0.0576378127425896,0.8287037037037037
PP,nano-scale,fragment,UV-aged,432,0.49878215233567197,0.4986120255132504,0.017645888205167264,0.04521604938271605,0.41604166666666664,0.057495039051058114,0.8356481481481481
PP,submicron-to-small,fiber,UV-aged,216,0.49688797746454844,0.49669176797052156,0.017614846433014367,0.04640432098765432,0.41050925925925924,0.05719214672817206,0.8379629629629629
PP,submicron-to-small,fragment,oxidized,216,0.49642521255231564,0.49631059235122277,0.017703187326740574,0.04516975308641976,0.4099382716049383,0.057491571030975096,0.8240740740740741
PVC,nano-scale,fragment,UV-aged,432,0.49640828595044223,0.49630516211075293,0.017683617164301852,0.037816358024691354,0.4105864197530864,0.05762281499540625,0.8263888888888888
PVC,submicron-to-small,fiber,UV-aged,216,0.49643830225049934,0.4962773250164543,0.017681831723303638,0.04083333333333333,0.41000000000000003,0.05767927111266207,0.8333333333333334
PS,submicron-to-small,fragment,UV-aged,216,0.49602609935058234,0.49596705041095696,0.017561042819316107,0.04152777777777778,0.4087654320987654,0.05721369088482785,0.8287037037037037
PVC,submicron-to-small,fragment,oxidized,216,0.4955694857331069,0.4953087276526449,0.017663434848158733,0.03921296296296296,0.4082098765432099,0.057444852058920984,0.8379629629629629
PS,nano-scale,sphere,oxidized,432,0.49455762323763425,0.49453050587321307,0.017519502403704937,0.03770833333333333,0.40665123456790125,0.05697418525519269,0.8263888888888888
PS,small microplastic,fiber,oxidized,216,0.49273172187827474,0.49275236119195437,0.017542201723885587,0.03853395061728396,0.4009413580246914,0.05722165651800827,0.8379629629629629
PET,submicron-to-small,fiber,UV-aged,216,0.48970611164761846,0.48964630769967443,0.01743860124076228,0.034382716049382714,0.3964043209876543,0.056958744971909295,0.8472222222222222
PET,nano-scale,fragment,UV-aged,432,0.48938639757525776,0.48923905588755623,0.017409890527512954,0.031288580246913576,0.39584876543209874,0.05671493153294005,0.8333333333333334
PET,submicron-to-small,fragment,oxidized,216,0.48875863366001127,0.4886380999102195,0.017332489905871287,0.03316358024691358,0.39399691358024697,0.05643779187263074,0.8425925925925926
PS,nano-scale,fiber,pristine,432,0.486159315451944,0.48610415783402533,0.0172698668403479,0.03202160493827161,0.39003086419753086,0.05612477475464333,0.8472222222222222
PE,nano-scale,sphere,oxidized,432,0.48606203064682973,0.48593617128748906,0.017257687400631345,0.034776234567901236,0.38994598765432104,0.05626851935706137,0.8379629629629629
PE,submicron-to-small,fragment,UV-aged,216,0.4859243281626774,0.4858312734264647,0.017295291853798387,0.035848765432098764,0.39067901234567903,0.05638998878220068,0.8425925925925926
PP,submicron-to-small,fragment,UV-aged,216,0.4825097826921491,0.482489015357669,0.01713647246885643,0.03279320987654321,0.38364197530864197,0.05578630150588753,0.8425925925925926
PS,submicron-to-small,sphere,oxidized,216,0.48227032554038046,0.4822815990858007,0.01717128852860159,0.031203703703703706,0.3816820987654321,0.055967033050418676,0.8472222222222222
PP,nano-scale,sphere,oxidized,432,0.4824153010386705,0.4822654214815118,0.01721864332424934,0.03158179012345679,0.38152777777777774,0.05604587757548149,0.8495370370370371
PS,nano-scale,sphere,UV-aged,432,0.4815141032274158,0.48145091605388907,0.017135433991233608,0.028850308641975308,0.37936728395061725,0.05577211409218843,0.8541666666666666
PVC,submicron-to-small,fragment,UV-aged,216,0.48155808554943774,0.48139542328732005,0.017103950558898903,0.02876543209876543,0.38083333333333336,0.05580967432960042,0.8518518518518519
PS,small microplastic,fragment,oxidized,216,0.4811979869741903,0.4810878840160672,0.01715300301823107,0.03013888888888889,0.3802932098765432,0.0558543338026181,0.8564814814814815
PE,small microplastic,fiber,oxidized,216,0.48092093285956217,0.4808885859291905,0.01709954832568306,0.032608024691358026,0.3799074074074074,0.055654991569768976,0.8657407407407407
PVC,nano-scale,sphere,oxidized,432,0.4797444463233446,0.47969335789483386,0.017068028843761275,0.025810185185185186,0.3758256172839506,0.05564638996633849,0.8425925925925926
PVC,small microplastic,fiber,oxidized,216,0.47891343312449447,0.4787692721423844,0.01710595098473773,0.027746913580246915,0.37578703703703703,0.05577618890679154,0.8657407407407407
PS,small microplastic,fiber,UV-aged,216,0.4779221523280531,0.47786042009944923,0.01696055643943423,0.02865740740740741,0.3749537037037037,0.05516542862633084,0.8703703703703703
PP,small microplastic,fiber,oxidized,216,0.4778541141828898,0.4777362302068771,0.017003042471565137,0.03001543209876543,0.37570987654320986,0.055494544664743635,0.8657407407407407
PE,nano-scale,fiber,pristine,432,0.4771576128986584,0.4770791104439778,0.01701223762384666,0.029128086419753087,0.3717515432098765,0.055449219135608525,0.8402777777777778
PET,submicron-to-small,fragment,UV-aged,216,0.4747403834335485,0.4747128698979753,0.01689676723985116,0.024645061728395062,0.36694444444444446,0.055122628363286956,0.8333333333333334
PP,nano-scale,fiber,pristine,432,0.4735697399446248,0.47345432344960264,0.016779468443624514,0.02655864197530864,0.36460648148148145,0.054789573860630464,0.8356481481481481
PE,nano-scale,sphere,UV-aged,432,0.4730658870091869,0.47296484516815684,0.016773645836097823,0.026419753086419754,0.3638425925925926,0.05474732155928455,0.8425925925925926
PET,nano-scale,sphere,oxidized,432,0.4726647740814717,0.4726174379203188,0.01681395964643022,0.02109567901234568,0.3609413580246914,0.05478640039267241,0.8472222222222222
PET,small microplastic,fiber,oxidized,216,0.4725127369988939,0.4724435212988119,0.016764402926272223,0.02390432098765432,0.36407407407407405,0.0546548157039488,0.8518518518518519
PE,submicron-to-small,sphere,oxidized,216,0.472479758459364,0.4723545164975195,0.016673581042589748,0.027438271604938273,0.3635185185185185,0.05433084230805852,0.8472222222222222
PS,larger microplastic,fiber,oxidized,216,0.4718969064513222,0.47191725508819815,0.01674393199361495,0.024398148148148145,0.3631172839506173,0.05453367913382858,0.8472222222222222
PVC,nano-scale,fiber,pristine,432,0.4714343419806023,0.47135853954165524,0.016801174746344905,0.021574074074074075,0.35888888888888887,0.0547512561430434,0.8425925925925926
PE,small microplastic,fragment,oxidized,216,0.4696512972681974,0.46959628872188797,0.01663280155000196,0.02631172839506173,0.3590895061728395,0.05407688776844609,0.8425925925925926
PP,nano-scale,sphere,UV-aged,432,0.4693821519081141,0.46921122752170746,0.016671222523232367,0.023657407407407408,0.3549382716049383,0.05440544224820716,0.8518518518518519
PP,submicron-to-small,sphere,oxidized,216,0.469006716411656,0.4690003809761795,0.01666287560119921,0.024814814814814817,0.35731481481481486,0.05422479644167641,0.8472222222222222
PS,nano-scale,fragment,pristine,432,0.468769954630391,0.4686573251551107,0.016700379622533252,0.021219135802469133,0.3540432098765432,0.05460928903637727,0.8379629629629629
PS,submicron-to-small,sphere,UV-aged,216,0.46840018327303645,0.4684124018528063,0.01660688228134767,0.02291666666666667,0.35387345679012344,0.05404633807837011,0.8379629629629629
PVC,submicron-to-small,sphere,oxidized,216,0.46765304693365944,0.46751484908041524,0.016623921708187113,0.02123456790123457,0.35155864197530867,0.054110608083705755,0.8518518518518519
PVC,small microplastic,fragment,oxidized,216,0.4672134689014659,0.46725024669666776,0.01671898263682096,0.022361111111111113,0.35412037037037036,0.05436203173860923,0.8518518518518519
PS,submicron-to-small,fiber,pristine,216,0.46667907345863824,0.4667582270439149,0.016602067951908803,0.02205246913580247,0.35205246913580246,0.054140773557878004,0.8564814814814815
PVC,nano-scale,sphere,UV-aged,432,0.46663544353606345,0.4665987232085562,0.016574023946885737,0.01849537037037037,0.347445987654321,0.05393243612551543,0.8541666666666666
PP,small microplastic,fragment,oxidized,216,0.4665065547276288,0.46647485276208484,0.01652538166768099,0.02427469135802469,0.35354938271604935,0.053840667701229146,0.8472222222222222
PS,small microplastic,fragment,UV-aged,216,0.4664352730706214,0.4663652644297527,0.01655711792438405,0.022268518518518517,0.3536111111111111,0.05407764817707495,0.8564814814814815
PE,small microplastic,fiber,UV-aged,216,0.4662098027617017,0.46614580358039415,0.01654319608611126,0.023626543209876543,0.35257716049382715,0.053797146674468006,0.8518518518518519
PET,nano-scale,fiber,pristine,432,0.46443796730074677,0.4643721392308437,0.01649664391768961,0.017145061728395063,0.3436342592592592,0.053833785125146104,0.8541666666666666
PVC,small microplastic,fiber,UV-aged,216,0.4641505833092741,0.46429301547486906,0.01657316118450672,0.020138888888888887,0.3478858024691358,0.05421612437838851,0.8518518518518519
PP,small microplastic,fiber,UV-aged,216,0.4631464279392732,0.4630662090528429,0.01642581886111574,0.021975308641975305,0.3465895061728395,0.05335098872532179,0.8611111111111112
PS,larger microplastic,fragment,oxidized,216,0.46113506708388646,0.46118355801190297,0.016439870304289228,0.01941358024691358,0.3423302469135802,0.05374178707232296,0.8518518518518519
PET,submicron-to-small,sphere,oxidized,216,0.4607694138110797,0.4606703032446738,0.016362054778420967,0.015725308641975307,0.3371141975308642,0.05332327182522061,0.8472222222222222
PET,small microplastic,fragment,oxidized,216,0.4607325745888724,0.4606070213379515,0.016432660227198602,0.017361111111111112,0.3397530864197531,0.053554955615743575,0.8518518518518519
PE,nano-scale,fragment,pristine,432,0.4600865482837191,0.4600749326138228,0.01630537224407941,0.01965277777777778,0.336875,0.05318723871270011,0.8541666666666666
PE,larger microplastic,fiber,oxidized,216,0.459912978341061,0.45983007461650727,0.016339469449430287,0.01979938271604938,0.3394135802469136,0.05328161359741198,0.8564814814814815
PET,nano-scale,sphere,UV-aged,432,0.4595581702086696,0.45955945298707246,0.016300310689838053,0.01341820987654321,0.3322376543209877,0.05311366351185524,0.8518518518518519
PVC,larger microplastic,fiber,oxidized,216,0.4585570608724082,0.4585838993143401,0.01625294047058468,0.016265432098765433,0.3343055555555555,0.053078837742791755,0.8379629629629629
PE,submicron-to-small,sphere,UV-aged,216,0.4586617346728636,0.4584627049642745,0.016251221928284737,0.020540123456790123,0.33467592592592593,0.053140378625164,0.8472222222222222
PET,small microplastic,fiber,UV-aged,216,0.4577874678057641,0.4578285493016893,0.016201612398442176,0.015570987654320988,0.333287037037037,0.05289293777792512,0.8379629629629629
PP,larger microplastic,fiber,oxidized,216,0.45699823142687196,0.4570251764684868,0.016175720226684936,0.017978395061728394,0.33310185185185187,0.05294121136665548,0.8472222222222222
PS,larger microplastic,fiber,UV-aged,216,0.45691380574983576,0.4568740068942758,0.016259687388271507,0.015679012345679012,0.33121913580246914,0.05283081466405819,0.8611111111111112
PS,small microplastic,sphere,oxidized,216,0.4564255988930799,0.4564884701821868,0.01619448630247171,0.01770061728395062,0.3309722222222222,0.05285471777988472,0.8425925925925926
PP,nano-scale,fragment,pristine,432,0.45638885333086343,0.4563111244988016,0.01620655981321105,0.017037037037037038,0.3272145061728395,0.052749741769797756,0.8518518518518519
PE,submicron-to-small,fiber,pristine,216,0.45625540242642343,0.4561222997312615,0.016147856535021904,0.01861111111111111,0.3308487654320988,0.052689811969879444,0.8472222222222222
PP,submicron-to-small,sphere,UV-aged,216,0.4551499670516237,0.4549826099032955,0.01615093434697256,0.017762345679012345,0.3274691358024691,0.05249394318969188,0.8518518518518519
PE,small microplastic,fragment,UV-aged,216,0.45496281216155443,0.45495313770268325,0.016101505108673104,0.018703703703703705,0.32834876543209873,0.0525024112061686,0.8518518518518519
PVC,nano-scale,fragment,pristine,432,0.453924567993155,0.45396158281046073,0.016098682103199213,0.011489197530864196,0.3193595679012346,0.05248333309859351,0.8449074074074074
PVC,submicron-to-small,sphere,UV-aged,216,0.45375896203709454,0.4535989430817373,0.01607497943983748,0.012901234567901234,0.32132716049382715,0.052249811005861777,0.8472222222222222
PP,submicron-to-small,fiber,pristine,216,0.4528765931450973,0.45286435039767764,0.016059122853600668,0.017037037037037038,0.3231327160493827,0.05199793285744066,0.8472222222222222
PVC,small microplastic,fragment,UV-aged,216,0.45249602163762154,0.45254382070547644,0.016069869053247393,0.013888888888888888,0.3210956790123457,0.05222931351791146,0.8518518518518519
PET,larger microplastic,fiber,oxidized,216,0.4524354209274791,0.45252370545703435,0.016126838976597654,0.01212962962962963,0.3202160493827161,0.052732500133398724,0.8333333333333334
PS,submicron-to-small,fragment,pristine,216,0.4522745722615255,0.452256011884522,0.01605034328882153,0.013873456790123457,0.3190895061728395,0.0522968317452929,0.8425925925925926
PVC,submicron-to-small,fiber,pristine,216,0.45230042015045496,0.4522030570274815,0.016045582233278993,0.01337962962962963,0.31959876543209875,0.052213973292878885,0.8425925925925926
PP,small microplastic,fragment,UV-aged,216,0.4518187921137148,0.45182608099645527,0.016018233215754855,0.016095679012345678,0.32160493827160497,0.052341979665168424,0.8425925925925926
PE,larger microplastic,fragment,oxidized,216,0.4492691987906325,0.4493932256784634,0.01597733588478796,0.015679012345679012,0.31550925925925927,0.051898926649925535,0.8333333333333334
PVC,larger microplastic,fragment,oxidized,216,0.4476179808312209,0.4477521259203266,0.015931132085058378,0.010570987654320987,0.30896604938271605,0.051786631861460215,0.8425925925925926
PET,nano-scale,fragment,pristine,432,0.44691960286999555,0.4469106622106153,0.01582059973172812,0.006929012345679012,0.30168209876543206,0.05149451729248735,0.8425925925925926
PET,submicron-to-small,sphere,UV-aged,216,0.4469067687634567,0.4468283555168466,0.015810059952617434,0.008410493827160494,0.3039969135802469,0.051492395399819556,0.8472222222222222
PP,larger microplastic,fragment,oxidized,216,0.4462896861137908,0.44623916796705776,0.0158457259865509,0.012546296296296297,0.30814814814814817,0.05162689807129821,0.8425925925925926
PS,larger microplastic,fragment,UV-aged,216,0.44612849291659135,0.4460740256657502,0.015818541431946383,0.010324074074074074,0.30595679012345683,0.051515570807581394,0.8379629629629629
PET,small microplastic,fragment,UV-aged,216,0.4460717020278714,0.4460275550787935,0.015847383819454445,0.009243827160493826,0.3043518518518518,0.05170674729112065,0.8287037037037037
PET,submicron-to-small,fiber,pristine,216,0.445607009520674,0.44557801606931263,0.01575532358998039,0.008780864197530864,0.30313271604938274,0.051250171079113734,0.8379629629629629
PE,small microplastic,sphere,oxidized,216,0.4451899160852706,0.44512652695431726,0.01585940813256943,0.013518518518518518,0.30723765432098765,0.05152348162505479,0.8425925925925926
PE,larger microplastic,fiber,UV-aged,216,0.4450620731855651,0.4451250480258171,0.015790524145477765,0.011882716049382715,0.3048148148148148,0.05147713135937577,0.8379629629629629
PVC,larger microplastic,fiber,UV-aged,216,0.4437243227754305,0.4437443651968773,0.015751198815919416,0.007438271604938272,0.29824074074074075,0.05136726348726372,0.8472222222222222
PVC,small microplastic,sphere,oxidized,216,0.4423524844462058,0.4423592737024837,0.015724593652703164,0.00882716049382716,0.2960030864197531,0.05118167972607344,0.8425925925925926
PP,larger microplastic,fiber,UV-aged,216,0.4421801288429482,0.44215877231380185,0.015769982457901205,0.00955246913580247,0.29603395061728394,0.05153354518920735,0.8425925925925926
PE,submicron-to-small,fragment,pristine,216,0.44223155985693474,0.4420602991527814,0.015632093541097253,0.011095679012345679,0.2978240740740741,0.05090049757912421,0.8379629629629629
PP,small microplastic,sphere,oxidized,216,0.44197522411605805,0.44198492466892025,0.015692203828286285,0.011820987654320988,0.2984259259259259,0.0512324475102848,0.8333333333333334
PS,small microplastic,sphere,UV-aged,216,0.44179991574570227,0.44174432243709594,0.01564506827759784,0.009398148148148149,0.29506172839506173,0.05119528970055915,0.8425925925925926
PET,larger microplastic,fragment,oxidized,216,0.4414251237066654,0.44135862163584094,0.015621694320519785,0.0065586419753086425,0.2922222222222222,0.05102976847726551,0.8333333333333334
PS,nano-scale,sphere,pristine,432,0.43934570696157954,0.439332316616683,0.01556815578929434,0.006049382716049383,0.2846990740740741,0.050650947472703836,0.8587962962962963
PP,submicron-to-small,fragment,pristine,216,0.4387845632846115,0.4388009587056659,0.015553313277988255,0.008719135802469136,0.2893827160493827,0.050813685536646946,0.8379629629629629
PVC,submicron-to-small,fragment,pristine,216,0.43781443128960745,0.4377919149555052,0.01548378501802917,0.005432098765432099,0.28425925925925927,0.05044299754825935,0.8472222222222222
PET,larger microplastic,fiber,UV-aged,216,0.43769366785340413,0.4377113074638919,0.015485743664894346,0.004799382716049383,0.2817746913580247,0.050607362903861475,0.8425925925925926
PS,larger microplastic,sphere,oxidized,216,0.4374600945247365,0.4374275702293588,0.015508317297311992,0.006975308641975309,0.28425925925925927,0.05059612756861219,0.8472222222222222
PET,small microplastic,sphere,oxidized,216,0.4358678480507881,0.43603723754890594,0.01544728465958779,0.005123456790123457,0.2790432098765432,0.050155999447829495,0.8379629629629629
PE,larger microplastic,fragment,UV-aged,216,0.4343997210915586,0.4343528762091631,0.015356551908596123,0.0070987654320987656,0.27708333333333335,0.05014550393662874,0.8379629629629629
PS,small microplastic,fiber,pristine,216,0.43354034309144124,0.43354795282321157,0.015392065558759879,0.004768518518518518,0.2732253086419753,0.05004508942746515,0.8379629629629629
PVC,larger microplastic,fragment,UV-aged,216,0.43277400453028775,0.43280940200803963,0.015318728673717754,0.0035802469135802466,0.2692901234567901,0.05003703894349947,0.8379629629629629
PP,larger microplastic,fragment,UV-aged,216,0.43145699743243376,0.4314796227168061,0.01524046511039718,0.005216049382716049,0.27024691358024694,0.04956500695268454,0.8379629629629629
PET,submicron-to-small,fragment,pristine,216,0.43108645220643105,0.431055333377207,0.015219203265587244,0.002824074074074074,0.2659259259259259,0.049465200218406565,0.8518518518518519
PE,nano-scale,sphere,pristine,432,0.43086889252546606,0.4309012997436328,0.015276271000443402,0.00533179012345679,0.2685648148148148,0.04975570878908452,0.8425925925925926
PE,small microplastic,sphere,UV-aged,216,0.4306421359004578,0.43057857794498994,0.015233120669792226,0.0066049382716049385,0.26967592592592593,0.049576701791578026,0.8240740740740741
PVC,small microplastic,sphere,UV-aged,216,0.4278467566144925,0.4278234534815399,0.015082822402099929,0.0027006172839506176,0.25882716049382715,0.04911358366059299,0.8472222222222222
PP,small microplastic,sphere,UV-aged,216,0.42745777640577753,0.4274688702363813,0.015154605730737961,0.004429012345679013,0.2621604938271605,0.04937449396459957,0.8240740740740741
PP,nano-scale,sphere,pristine,432,0.4271420270057809,0.42710914977019643,0.015192962456892408,0.0031712962962962966,0.25838734567901234,0.04953685726171666,0.8356481481481481
PET,larger microplastic,fragment,UV-aged,216,0.4266667787974189,0.42664706520775797,0.015070544804823612,0.0018209876543209878,0.25253086419753085,0.049159618642554415,0.8379629629629629
PE,larger microplastic,sphere,oxidized,216,0.4258381684072238,0.42574180328175376,0.015047657746927677,0.004660493827160494,0.25765432098765434,0.048991667480070215,0.8148148148148148
PS,submicron-to-small,sphere,pristine,216,0.4251138902782379,0.4252090917354658,0.01507876316962205,0.0022222222222222222,0.2525154320987654,0.04923941950722704,0.8425925925925926
PVC,nano-scale,sphere,pristine,432,0.4245138953677187,0.42462194377421486,0.014983690182268928,0.001080246913580247,0.24652006172839508,0.048795423053749315,0.8495370370370371
PVC,larger microplastic,sphere,oxidized,216,0.4239282915262258,0.42397704782776946,0.014964577555938845,0.001743827160493827,0.24725308641975308,0.0488247623313951,0.8379629629629629
PP,larger microplastic,sphere,oxidized,216,0.4228319627248914,0.4228089448124469,0.014971253087319938,0.002746913580246913,0.248858024691358,0.04889723545261354,0.8333333333333334
PS,larger microplastic,sphere,UV-aged,216,0.42262573105341344,0.422761005930012,0.014988964975463688,0.0018672839506172839,0.24709876543209877,0.04899725603079353,0.8379629629629629
PS,small microplastic,fragment,pristine,216,0.4221954291736973,0.4221681901904819,0.014927714466934217,0.0016820987654320991,0.2466358024691358,0.04867114785520533,0.8240740740740741
PE,small microplastic,fiber,pristine,216,0.4221488780614998,0.4221458102920926,0.014896919795816477,0.0027777777777777783,0.24699074074074076,0.04849171389072603,0.8333333333333334
PET,small microplastic,sphere,UV-aged,216,0.4214258382573464,0.42145043009252453,0.01480740070783465,0.0010339506172839506,0.24117283950617285,0.04822942854101298,0.8518518518518519
PVC,small microplastic,fiber,pristine,216,0.4201583941319067,0.42012375409044966,0.01489302278387123,0.0009567901234567902,0.23763888888888887,0.04857515938311755,0.8425925925925926
PP,small microplastic,fiber,pristine,216,0.41916002744555103,0.41921323908232694,0.014802456125111956,0.0021296296296296293,0.23890432098765432,0.04819947717194183,0.8240740740740741
PET,larger microplastic,sphere,oxidized,216,0.4177386231421228,0.4177845512362572,0.014776039798490922,0.0006944444444444446,0.2310030864197531,0.048194044413280325,0.8425925925925926
PET,nano-scale,sphere,pristine,432,0.4175315990924917,0.41757809952994296,0.014689059074599374,0.0002546296296296296,0.22781635802469136,0.04792114416730096,0.8587962962962963
PE,submicron-to-small,sphere,pristine,216,0.41540597408618246,0.41535255203400034,0.014717957524372006,0.001558641975308642,0.23288580246913582,0.04790081537998857,0.8101851851851852
PET,small microplastic,fiber,pristine,216,0.414026780067657,0.4140806951977154,0.01464952909457633,0.00043209876543209873,0.22177469135802472,0.04766702655385174,0.8379629629629629
PS,larger microplastic,fiber,pristine,216,0.4138450374822341,0.41382390490527016,0.014611468254979186,0.00037037037037037035,0.21932098765432098,0.04773518139824544,0.8379629629629629
PP,submicron-to-small,sphere,pristine,216,0.411918735114882,0.4119697388829588,0.01464455805102169,0.0008024691358024692,0.22405864197530864,0.047577776090342534,0.8148148148148148
PE,small microplastic,fragment,pristine,216,0.41100281611050943,0.411079364271877,0.014517484339074845,0.0011265432098765433,0.22203703703703703,0.0472865821636462,0.8148148148148148
PE,larger microplastic,sphere,UV-aged,216,0.41113101911094774,0.4110652883014639,0.014574951588380913,0.000925925925925926,0.22125,0.047498967809257796,0.8009259259259259
PVC,submicron-to-small,sphere,pristine,216,0.4106612450102451,0.4107503991193318,0.014475704948429322,0.0002623456790123457,0.2145679012345679,0.047267355892682855,0.8055555555555556
PVC,larger microplastic,sphere,UV-aged,216,0.4092584508428126,0.40919860173512956,0.014448318747909174,0.00029320987654320993,0.20919753086419754,0.04718086180767941,0.8055555555555556
PVC,small microplastic,fragment,pristine,216,0.4086634113787018,0.4086079830497557,0.014457988978634881,0.00029320987654320993,0.20947530864197533,0.04711548924726228,0.8148148148148148
PP,larger microplastic,sphere,UV-aged,216,0.4081621040622396,0.4082087538294741,0.014433893461002727,0.0004938271604938272,0.21296296296296297,0.04694842411824158,0.8009259259259259
PP,small microplastic,fragment,pristine,216,0.40794959379825996,0.4079542554627356,0.01443055958585716,0.00043209876543209873,0.2133179012345679,0.04716340700368838,0.7962962962962963
PET,submicron-to-small,sphere,pristine,216,0.4039405001585202,0.4038263643268528,0.014101786823198,1.54320987654321e-05,0.19583333333333333,0.04599393946028657,0.8055555555555556
PS,larger microplastic,fragment,pristine,216,0.40295926146180255,0.40301522938665246,0.014234316177113014,0.0001080246913580247,0.19415123456790123,0.04635453399827713,0.8148148148148148
PET,larger microplastic,sphere,UV-aged,216,0.40316330547922935,0.4029957522534206,0.014286599439913327,4.6296296296296294e-05,0.19294753086419755,0.046358903831551355,0.8148148148148148
PET,small microplastic,fragment,pristine,216,0.4024589635840336,0.40250025456104993,0.014194408688739628,1.54320987654321e-05,0.19183641975308643,0.046257331631228124,0.8101851851851852
PE,larger microplastic,fiber,pristine,216,0.4024470559470369,0.40243140809313505,0.014166454462272108,0.0001234567901234568,0.19486111111111112,0.04615888285585558,0.8148148148148148
PVC,larger microplastic,fiber,pristine,216,0.40123234093459115,0.40120225320867925,0.014187696897198914,1.54320987654321e-05,0.1857716049382716,0.04640649593478717,0.8101851851851852
PP,larger microplastic,fiber,pristine,216,0.399691354477133,0.39964014114625407,0.014162862877186603,4.6296296296296294e-05,0.18705246913580248,0.04609316148512358,0.8009259259259259
PS,small microplastic,sphere,pristine,216,0.39815151329703946,0.3981727636164549,0.014001788906004085,0.0,0.1870216049382716,0.045712458970912626,0.8009259259259259
PET,larger microplastic,fiber,pristine,216,0.3955276749363988,0.3955154242028134,0.014003578907762902,1.54320987654321e-05,0.16978395061728394,0.04572601256557495,0.8009259259259259
PE,larger microplastic,fragment,pristine,216,0.3916386272718239,0.39164950045736974,0.013827252890312225,1.54320987654321e-05,0.17280864197530865,0.045099879323376786,0.7824074074074074
PVC,larger microplastic,fragment,pristine,216,0.39019410213162486,0.39023745199590176,0.013751185756188344,0.0,0.16109567901234567,0.04457097935811904,0.7870370370370371
PP,larger microplastic,fragment,pristine,216,0.3888206047033513,0.3888284681537616,0.013721165466404537,4.6296296296296294e-05,0.16452160493827162,0.044804561425934836,0.7777777777777778
PE,small microplastic,sphere,pristine,216,0.387235133502433,0.38725243039396745,0.013684162159129647,1.54320987654321e-05,0.16595679012345677,0.04457250294854415,0.7824074074074074
PVC,small microplastic,sphere,pristine,216,0.384609283778045,0.3845973621206601,0.013597778625437687,0.0,0.15134259259259258,0.04422705963395836,0.7824074074074074
PET,larger microplastic,fragment,pristine,216,0.38443659160168264,0.384386005125529,0.013488810381313943,0.0,0.1437037037037037,0.04399683449889502,0.7824074074074074
PP,small microplastic,sphere,pristine,216,0.384152004335775,0.3841426072259665,0.013621024634696936,0.0,0.1584104938271605,0.0444369188841747,0.7824074074074074
PS,larger microplastic,sphere,pristine,216,0.3799447407677781,0.3799375155758656,0.01341197564165012,0.0,0.14040123456790124,0.04356527794513597,0.7870370370370371
PET,small microplastic,sphere,pristine,216,0.37841339165580384,0.3784163212583103,0.013283355741629263,0.0,0.13337962962962963,0.043199470976887124,0.7824074074074074
PE,larger microplastic,sphere,pristine,216,0.368819649585572,0.3688344636924228,0.012962885349249888,0.0,0.12024691358024692,0.04230964176174973,0.8055555555555556
PVC,larger microplastic,sphere,pristine,216,0.3673336244027776,0.3672688590097549,0.012826281798796843,0.0,0.10617283950617284,0.04193236776895942,0.8009259259259259
PP,larger microplastic,sphere,pristine,216,0.3660295484410103,0.36599282898783136,0.012816729347361158,0.0,0.11225308641975308,0.04188803062341511,0.8055555555555556
PET,larger microplastic,sphere,pristine,216,0.3615955784602975,0.36163255929994165,0.012612942289582048,0.0,0.09280864197530864,0.041122510762093535,0.8055555555555556
