comparison,n_group_a,n_group_b,mean_group_a,mean_group_b,delta_mean,cohens_d
barrier-impaired high-fat vs normal normal,8100,8100,0.5492184902005889,0.3453369977711496,0.20388149242943926,2.177995618027021
barrier-impaired normal vs normal normal,8100,8100,0.5314986026318985,0.3453369977711496,0.1861616048607489,2.0389700700911635
high dose vs low dose,16200,16200,0.5553087260300738,0.3722553659682503,0.18305336006182343,1.791973091483897
inflamed high-fat vs normal normal,8100,8100,0.498115809230254,0.3453369977711496,0.15277881145910438,1.8773471663585526
365 days vs 30 days,12150,12150,0.498305759177696,0.431698862602657,0.06660689657503899,0.5286931237308993
nano-scale vs larger microplastic,19440,9720,0.4857007336228577,0.4208709153599949,0.06482981826286283,0.5345322972476498
oxidized vs pristine,16200,16200,0.48401606701674404,0.4273044457272188,0.05671162128952523,0.4705384643314222
fiber vs sphere,16200,16200,0.4789289203145791,0.4378867605274495,0.041042159787129606,0.3355424722634252
positive charge vs neutral charge,16200,16200,0.470653209351826,0.4488959324165215,0.021757276935304493,0.1762202603578049
