category,n_scenarios,mean_final_risk,sd_final_risk,median_final_risk,max_final_risk,severe_rate,high_or_severe_rate,factor,delta_from_overall_mean,absolute_delta_from_overall_mean,eta_squared_factor
normal,16200,0.35178217264682815,0.05825637639627592,0.3452535773570749,0.5597567149715312,0.0,0.011358024691358024,gut_status,-0.10871774360757169,0.10871774360757169,0.41311687071824593
high,16200,0.5553087260300738,0.1315949611853722,0.5677815774040509,0.874641652884942,0.07037037037037037,0.6434567901234568,dose_level,0.09480880977567391,0.09480880977567391,0.3651206350947306
low,16200,0.3722553659682503,0.059605080755747,0.3826400875406198,0.5118665307307451,0.0,0.0008024691358024691,dose_level,-0.08824455028614953,0.08824455028614953,0.3651206350947306
barrier-impaired,16200,0.5403585464162437,0.11800895973492705,0.5250789804465876,0.874641652884942,0.06074074074074074,0.5667283950617283,gut_status,0.07985863016184386,0.07985863016184386,0.41311687071824593
larger microplastic,9720,0.4208709153599949,0.11212916934892092,0.39912614315597883,0.8108741527388554,0.0049382716049382715,0.24156378600823045,size_class,-0.039629000894404964,0.039629000894404964,0.04346252915343644
365,12150,0.498305759177696,0.14661602097020565,0.45972289303231006,0.874641652884942,0.07827160493827161,0.4162139917695473,duration_days,0.03780584292329614,0.03780584292329614,0.0400330093545715
pristine,16200,0.4273044457272188,0.11453356650523204,0.4049809234889006,0.8256292640016083,0.0072839506172839505,0.2562962962962963,aging,-0.033195470527181026,0.033195470527181026,0.03796108767945041
inflamed,16200,0.48935902970012746,0.09856930085277361,0.4752657365526993,0.8250219217837335,0.00962962962962963,0.4190740740740741,gut_status,0.028859113445727613,0.028859113445727613,0.41311687071824593
30,12150,0.4316988626026569,0.10123092387255063,0.4179732949026393,0.7096549626436028,0.0,0.25835390946502057,duration_days,-0.02880105365174296,0.02880105365174296,0.0400330093545715
nano-scale,19440,0.4857007336228577,0.1256101610781313,0.4557761840453666,0.874641652884942,0.03693415637860082,0.3878086419753086,size_class,0.025200817368457862,0.025200817368457862,0.04346252915343644
oxidized,16200,0.48401606701674404,0.12623226847014435,0.45428236989037185,0.874641652884942,0.03666666666666667,0.38512345679012344,aging,0.0235161507623442,0.0235161507623442,0.03796108767945041
sphere,16200,0.4378867605274495,0.11753938817479703,0.41419425268683663,0.835247049459576,0.010802469135802469,0.28160493827160493,shape,-0.02261315572695033,0.02261315572695033,0.018854006878670834
small microplastic,9720,0.4403130069908323,0.11779833378029407,0.41558194359860834,0.8408716444984401,0.011934156378600824,0.2902263374485597,size_class,-0.020186909263567532,0.020186909263567532,0.04346252915343644
fiber,16200,0.4789289203145791,0.12691265616105257,0.4512805305579082,0.874641652884942,0.03524691358024691,0.37320987654320986,shape,0.018429004060179277,0.018429004060179277,0.018854006878670834
90,12150,0.4470687451308971,0.11042492697235576,0.4280519702030927,0.7486549422901693,0.0,0.305679012345679,duration_days,-0.013431171123502728,0.013431171123502728,0.0400330093545715
PS,9720,0.4721615554443597,0.12575846308564795,0.445659884100356,0.874641652884942,0.029526748971193416,0.3570987654320988,polymer,0.011661639189959883,0.011661639189959883,0.0029800767127324056
neutral,16200,0.4488959324165215,0.12162083042382463,0.42510556714785636,0.8596154663140717,0.017160493827160495,0.3064197530864198,charge,-0.011603983837878362,0.011603983837878362,0.0052068109292542205
positive,16200,0.470653209351826,0.1252847382701257,0.4444200227493402,0.874641652884942,0.028950617283950618,0.3553703703703704,charge,0.01015329309742613,0.01015329309742613,0.0052068109292542205
UV-aged,16200,0.4701792360192364,0.12355375169418417,0.4423982636286682,0.8659715799618427,0.026419753086419754,0.35574074074074075,aging,0.009679319764836547,0.009679319764836547,0.03796108767945041
submicron-to-small,9720,0.4699141916754563,0.12424656134886279,0.44114982178645784,0.8647706969944219,0.02654320987654321,0.3545267489711934,size_class,0.00941427542105644,0.00941427542105644,0.04346252915343644
PET,9720,0.45147008043197834,0.1193259506084908,0.4282802861282219,0.8599655552154287,0.015843621399176954,0.31069958847736623,polymer,-0.009029835822421506,0.009029835822421506,0.0029800767127324056
normal,24300,0.45247928352434963,0.12175053167610875,0.4279360936709826,0.8609165535850641,0.018847736625514405,0.31407407407407406,diet_state,-0.008020632730050214,0.008020632730050214,0.00418964562275633
high-fat,24300,0.46852054898444984,0.125533696285426,0.44252536097160544,0.874641652884942,0.02806584362139918,0.35069958847736626,diet_state,0.008020632730049992,0.008020632730049992,0.00418964562275633
medium,16200,0.45393565676487524,0.09152519056399222,0.4659070589921732,0.7024936886415907,0.0,0.35290123456790123,dose_level,-0.006564259489524604,0.006564259489524604,0.3651206350947306
180,12150,0.464926298106349,0.12258493483184207,0.4396225232650345,0.8044778399294933,0.015555555555555555,0.34930041152263375,duration_days,0.004426381851949157,0.004426381851949157,0.0400330093545715
fragment,16200,0.46468406792117073,0.12359581302734929,0.4382956158591118,0.8625470676351237,0.02432098765432099,0.3423456790123457,shape,0.004184151666770886,0.004184151666770886,0.018854006878670834
PVC,9720,0.4580827417293186,0.12158788503614397,0.43411766529081663,0.8660256715658484,0.020061728395061727,0.32551440329218106,polymer,-0.0024171745250812227,0.0024171745250812227,0.0029800767127324056
PP,9720,0.45875054958616596,0.1252819376980711,0.43295328355838825,0.8635501696661705,0.024691358024691357,0.33024691358024694,polymer,-0.001749366668233887,0.001749366668233887,0.0029800767127324056
PE,9720,0.46203465408017613,0.1265673455329053,0.4356075347801355,0.8649810453813664,0.027160493827160494,0.3383744855967078,polymer,0.001534737825776289,0.001534737825776289,0.0029800767127324056
negative,16200,0.4619506069948518,0.12385090091687387,0.4366456029408028,0.8686453230863113,0.024259259259259258,0.3353703703703704,charge,0.0014506907404519542,0.0014506907404519542,0.0052068109292542205
