simulation_id,exposure_scenario_id,particle_id,polymer,size_um,size_class,shape,aging,charge,dose_level,duration_days,gut_status,diet_state,particle_hazard_potential,interaction_risk_proxy,lymphatic_burden_index,macrophage_activation_score,ROS_score,cytokine_activation_score,systemic_inflammatory_spillover_score,immune_dysregulation_score,baseline_final_risk,baseline_risk_class,dominant_mechanistic_driver,mc_mean_risk,mc_sd_risk,mc_cv_risk,mc_p05_risk,mc_p25_risk,mc_p50_risk,mc_p75_risk,mc_p95_risk,mc_uncertainty_band_width,mc_prob_low,mc_prob_moderate,mc_prob_high,mc_prob_severe,mc_prob_high_or_severe,mc_mean_minus_baseline,mc_p05_class,mc_p50_class,mc_p95_class,classification_stable,uncertainty_class,risk_robustness_label,mc_rank_mean,mc_rank_p05,mc_rank_p95
SIM048357,EXP0072,MP0432,PS,0.05,nano-scale,fiber,oxidized,positive,high,365,barrier-impaired,high-fat,0.8499133944177174,0.8187628547908329,0.9931026043942782,0.9198730930140804,0.9075654524046798,0.9137962479322984,0.9149542935016044,0.932811352038478,0.874641652884942,severe,lymphatic burden dominated,0.864868419481171,0.02558646496436343,0.029584228523089097,0.8209429749654273,0.8500066541101712,0.8660143100096827,0.8824433436937076,0.9014885315416372,0.08054555657620988,0.0,0.0,0.0,1.0,1.0,-0.009773233403771009,severe,severe,severe,True,low uncertainty,robust severe,1,1,3
SIM048384,EXP0072,MP0459,PS,0.1,nano-scale,fiber,oxidized,positive,high,365,barrier-impaired,high-fat,0.8477290659560134,0.8179395721818717,0.993330412338909,0.9193824147240258,0.9068914362701552,0.9133877937474956,0.9146649047458504,0.9324476926657698,0.8742634299695458,severe,lymphatic burden dominated,0.864843282750057,0.02666580842564082,0.030833110411422955,0.8186762627455841,0.8469822630440942,0.8659030672256716,0.8839145817970515,0.907050348126198,0.08837408538061386,0.0,0.0,0.0,1.0,1.0,-0.009420147219488806,severe,severe,severe,True,low uncertainty,robust severe,2,2,1
SIM048383,EXP0072,MP0458,PS,0.1,nano-scale,fiber,oxidized,negative,high,365,barrier-impaired,high-fat,0.8222455001793612,0.807021912721053,0.9942157962396636,0.9106802539489276,0.8980698554996105,0.9082552572791251,0.9120808484409456,0.927203412382029,0.8682490764330255,severe,lymphatic burden dominated,0.8600956268488422,0.028180946510723264,0.03276489919375345,0.8112518580389037,0.841124749632687,0.8629417628879444,0.8794305553590758,0.9047958579025889,0.09354399986368522,0.0,0.0,0.0,1.0,1.0,-0.008153449584183292,severe,severe,severe,True,low uncertainty,robust severe,3,8,2
SIM048356,EXP0072,MP0431,PS,0.05,nano-scale,fiber,oxidized,negative,high,365,barrier-impaired,high-fat,0.8244045716367447,0.8078602268336948,0.994006053705014,0.911172115076921,0.8987441910015489,0.9086657088936992,0.9123745486981156,0.9275700603796464,0.8686453230863113,severe,lymphatic burden dominated,0.8590885514362931,0.02658368524810668,0.030944057168066086,0.8153794087241645,0.8428679841868976,0.8608375829912577,0.8763095015828543,0.8980581966832182,0.0826787879590537,0.0,0.0,0.0,1.0,1.0,-0.009556771650018114,severe,severe,severe,True,low uncertainty,robust severe,4,4,7
SIM048354,EXP0072,MP0429,PS,0.05,nano-scale,fiber,UV-aged,positive,high,365,barrier-impaired,high-fat,0.8033939774459169,0.8039249293236533,0.9926713035197564,0.9101636753394056,0.8934886534164492,0.9065226485900169,0.9110809732457148,0.925230253798973,0.8659715799618427,severe,lymphatic burden dominated,0.8578413173207268,0.025849211663638735,0.030132859238282864,0.8166114488309418,0.8415104215138367,0.8564991395261536,0.8761758108503502,0.8989042910680739,0.08229284223713207,0.0,0.0,0.0,1.0,1.0,-0.008130262641115937,severe,severe,severe,True,low uncertainty,robust severe,5,3,5
SIM048381,EXP0072,MP0456,PS,0.1,nano-scale,fiber,UV-aged,positive,high,365,barrier-impaired,high-fat,0.8012222647805068,0.803071000750032,0.9928590201113604,0.9096642919636652,0.8928038574124109,0.9061055577656448,0.9107819529546404,0.9248549995195352,0.865559864787741,severe,lymphatic burden dominated,0.8567408430934992,0.025186699916287848,0.029398271506836212,0.8132165256310865,0.8401916018055641,0.8575409258972341,0.8753966181475128,0.8944702884360757,0.0812537628049892,0.0,0.0,0.0,1.0,1.0,-0.008819021694241869,severe,severe,severe,True,low uncertainty,robust severe,6,7,16
SIM048492,EXP0072,MP0567,PVC,0.05,nano-scale,fiber,oxidized,positive,high,365,barrier-impaired,high-fat,0.8302523729231442,0.8076853804660397,0.9857772643090872,0.9113973746099626,0.8986106796278264,0.9075235283578512,0.9117720886198992,0.9262514237453512,0.8660256715658484,severe,lymphatic burden dominated,0.8558298630116612,0.0249411744632547,0.029142678400421413,0.8148971703109853,0.8386843411092565,0.8568913970351224,0.8743881132572937,0.8970576213416208,0.08216045103063552,0.0,0.0,0.0,1.0,1.0,-0.010195808554187225,severe,severe,severe,True,low uncertainty,robust severe,7,5,9
SIM048087,EXP0072,MP0162,PE,0.05,nano-scale,fiber,oxidized,positive,high,365,barrier-impaired,high-fat,0.8165305399351886,0.800808379562932,0.99932856747834,0.9035551969099772,0.8950613544494369,0.9058243341850488,0.911352647727388,0.9250648087606276,0.8649810453813664,severe,lymphatic burden dominated,0.8553115339154362,0.028249086601406553,0.03302783311252118,0.8073060658370543,0.835387588124066,0.856754331997277,0.8743179171416524,0.898857538595212,0.09155147275815767,0.0,0.0,0.0,1.0,1.0,-0.009669511465930203,severe,severe,severe,True,low uncertainty,robust severe,8,16,6
SIM048519,EXP0072,MP0594,PVC,0.1,nano-scale,fiber,oxidized,positive,high,365,barrier-impaired,high-fat,0.8280996316238466,0.8068473745719899,0.9863927552642218,0.910947126677533,0.8980109994651001,0.9073610158987764,0.91152804380767,0.9260381878809922,0.8657464786796397,severe,lymphatic burden dominated,0.8552823339522339,0.028309408563170626,0.033099489419266506,0.8063239924819561,0.8346964998656055,0.8580335071032035,0.876353764643207,0.8969815256323408,0.09065753315038472,0.0,0.0,0.0,1.0,1.0,-0.010464144727405866,severe,severe,severe,True,low uncertainty,robust severe,9,19,10
SIM048375,EXP0072,MP0450,PS,0.1,nano-scale,fragment,oxidized,positive,high,365,barrier-impaired,high-fat,0.8275563796567434,0.8032833981086606,0.9885441271062748,0.9070254741150828,0.8968046819322971,0.9067733032994696,0.9113916651396085,0.9251565473383312,0.8623579608228253,severe,lymphatic burden dominated,0.854412885916528,0.0265484566194998,0.031072163186057548,0.8140676478183427,0.8350757092919687,0.8547184492047795,0.8723391591521004,0.8999025840738958,0.08583493625555305,0.0,0.0,0.0,1.0,1.0,-0.007945074906297367,severe,severe,severe,True,low uncertainty,robust severe,10,6,4
SIM048249,EXP0072,MP0324,PP,0.1,nano-scale,fiber,oxidized,positive,high,365,barrier-impaired,high-fat,0.8122164529037053,0.7983940320817782,0.9975369050531256,0.9022593082128474,0.8931751156728694,0.9046855490793276,0.9105100440104258,0.923788356781728,0.8631222649894911,severe,lymphatic burden dominated,0.8540778537331689,0.027021560963000273,0.03163828782687382,0.8109659510282186,0.8353505301042907,0.8544628317814471,0.8722298635413253,0.897594131137409,0.08662818010919049,0.0,0.0,0.0,1.0,1.0,-0.00904441125632216,severe,severe,severe,True,low uncertainty,robust severe,11,9,8
SIM048222,EXP0072,MP0297,PP,0.05,nano-scale,fiber,oxidized,positive,high,365,barrier-impaired,high-fat,0.8143055399351886,0.799242164741417,0.9974097707178368,0.9027508128239116,0.8938492777154421,0.9050969741194376,0.91080659269627,0.9241645269506846,0.8635501696661705,severe,lymphatic burden dominated,0.853907318496851,0.026247829530110116,0.030738499321312673,0.8104437363576104,0.8345224497597442,0.8557057904941392,0.8729334729467816,0.8915962672725011,0.08115253091489072,0.0,0.0,0.0,1.0,1.0,-0.00964285116931951,severe,severe,severe,True,low uncertainty,robust severe,12,11,29
SIM048348,EXP0072,MP0423,PS,0.05,nano-scale,fragment,oxidized,positive,high,365,barrier-impaired,high-fat,0.8293256758995281,0.803938909106672,0.9879877787274324,0.9073832837084892,0.8972812382266396,0.9068705334077664,0.911576428235436,0.9253078957888587,0.8625470676351237,severe,lymphatic burden dominated,0.8536012728924699,0.027005076436257682,0.03163664030715186,0.809229039523765,0.8349034939438473,0.8558465838706157,0.8721024351953033,0.8954359664087636,0.08620692688499854,0.0,0.0,0.0,1.0,1.0,-0.008945794742653779,severe,severe,severe,True,low uncertainty,robust severe,13,13,14
SIM048411,EXP0072,MP0486,PS,1.0,submicron-to-small,fiber,oxidized,positive,high,365,barrier-impaired,high-fat,0.8173245789978065,0.802095487801693,0.9925954164556612,0.909023903656672,0.8954096255909124,0.9061562184831038,0.9098380748142834,0.9253340940994812,0.8647706969944219,severe,lymphatic burden dominated,0.8530192426476971,0.027956279787624314,0.032773328419670456,0.8064723993732777,0.8360751137847791,0.8554564076894674,0.8717408640050218,0.8961398706069327,0.08966747123365493,0.0,0.0,0.0,1.0,1.0,-0.011751454346724755,severe,severe,severe,True,low uncertainty,robust severe,14,17,11
SIM047979,EXP0072,MP0054,PET,0.1,nano-scale,fiber,oxidized,positive,high,365,barrier-impaired,high-fat,0.8091496316238465,0.8015474966156142,0.9755304658058012,0.9068783219458728,0.8906976057084437,0.9001355879101438,0.9061660986110296,0.9194722231032282,0.8597034927876841,severe,lymphatic burden dominated,0.8525650398654299,0.026511072421451207,0.031095659781692032,0.8104954328332047,0.8358051917199336,0.8520843133004337,0.8704403771684989,0.8959193142155014,0.08542388138229673,0.0,0.0,0.0,1.0,1.0,-0.007138452922254235,severe,severe,severe,True,low uncertainty,robust severe,15,10,12
SIM048114,EXP0072,MP0189,PE,0.1,nano-scale,fiber,oxidized,positive,high,365,barrier-impaired,high-fat,0.8144414529037053,0.7999622391689386,0.9994377456195724,0.9030623278465826,0.8943843932384291,0.9054119370209416,0.9110564169527328,0.9246853600989592,0.8645510273741811,severe,lymphatic burden dominated,0.8523278700190472,0.025700009053065378,0.03015272638270165,0.8093474499767732,0.8364602689084285,0.8545191686081863,0.8694672018223158,0.8929613907678865,0.08361394079111328,0.0,0.0,0.0,1.0,1.0,-0.012223157355133907,severe,severe,severe,True,low uncertainty,robust severe,16,12,19
SIM048491,EXP0072,MP0566,PVC,0.05,nano-scale,fiber,oxidized,negative,high,365,barrier-impaired,high-fat,0.8047436060554244,0.7967619877776173,0.9853634484449773,0.9025601848247448,0.8895478117570061,0.9016307616454426,0.9090345582688186,0.9205261560096596,0.8596389361132066,severe,lymphatic burden dominated,0.8522245641764202,0.0264915237224645,0.031085144498310152,0.805922699813063,0.8352867270095856,0.8530426019576922,0.8710270387235091,0.8920243013599961,0.08610160154693314,0.0,0.0,0.0,1.0,1.0,-0.007414371936786401,severe,severe,severe,True,low uncertainty,robust severe,17,22,24
SIM048086,EXP0072,MP0161,PE,0.05,nano-scale,fiber,oxidized,negative,high,365,barrier-impaired,high-fat,0.7910218854977893,0.789858403786938,1.0,0.8948207960964333,0.8861880820149425,0.9006648750441124,0.9087549425107984,0.9197689971888512,0.8589001149001148,severe,lymphatic burden dominated,0.8514198837224829,0.027581854022167944,0.03239512554198905,0.8041757320390632,0.8341504761288802,0.8520192378968756,0.8722394443516487,0.8936878428202668,0.08951211078120358,0.0,0.0,0.0033333333333333335,0.9966666666666667,1.0,-0.0074802311776318575,severe,severe,severe,True,low uncertainty,robust severe,18,28,17
SIM047709,EXP0071,MP0459,PS,0.1,nano-scale,fiber,oxidized,positive,high,365,barrier-impaired,normal,0.8477290659560134,0.8013330431963644,0.9776147318443232,0.916137237978915,0.8980114036362022,0.9021355404956696,0.8831927869842655,0.9211825527655184,0.8605456352213409,severe,lymphatic burden dominated,0.851080355651679,0.025871531389644077,0.030398459108838954,0.8086512923133772,0.8344206252487689,0.8519130939592865,0.869368556967233,0.8919159619106368,0.08326466959725964,0.0,0.0,0.0033333333333333335,0.9966666666666667,1.0,-0.00946527956966181,severe,severe,severe,True,low uncertainty,robust severe,19,14,26
SIM047952,EXP0072,MP0027,PET,0.05,nano-scale,fiber,oxidized,positive,high,365,barrier-impaired,high-fat,0.8113023729231443,0.8023935735353965,0.9748280896665222,0.9073216280951032,0.8912834004819878,0.9002723778258908,0.9063597077259292,0.9196554086265678,0.8599655552154287,severe,lymphatic burden dominated,0.8510391265990503,0.029441270596381394,0.03459449709909454,0.7995566278213182,0.8316402344183288,0.8546943250761725,0.871295727755601,0.8955161556249641,0.09595952780364592,0.0,0.0,0.0,1.0,1.0,-0.008926428616378379,severe,severe,severe,True,low uncertainty,robust severe,20,48,13
SIM047682,EXP0071,MP0432,PS,0.05,nano-scale,fiber,oxidized,positive,high,365,barrier-impaired,normal,0.8499133944177174,0.8021563258053257,0.977353896377765,0.9166246135167768,0.8986794748167798,0.9025413855062402,0.8834707379134595,0.9215379338956358,0.8609165535850641,severe,lymphatic burden dominated,0.8505252400582155,0.027418741202317614,0.032237422137417884,0.8056746225289532,0.8322476212711275,0.8525001320976475,0.8715384484092872,0.8918532004810159,0.08617857795206274,0.0,0.0,0.0033333333333333335,0.9966666666666667,1.0,-0.010391313526848633,severe,severe,severe,True,low uncertainty,robust severe,21,23,27
SIM048410,EXP0072,MP0485,PS,1.0,submicron-to-small,fiber,oxidized,negative,high,365,barrier-impaired,high-fat,0.7919949138656114,0.7909930098712318,0.9930550036332508,0.9002627877142672,0.8865090104669291,0.900965679763477,0.9071946064820658,0.919992588068188,0.8585088538195121,severe,lymphatic burden dominated,0.8505198083777146,0.0264251326478014,0.031069391197570993,0.8060306964190123,0.8325829214591127,0.8502346582930316,0.8702696309446936,0.8920917799981357,0.08606108357912345,0.0,0.0,0.0,1.0,1.0,-0.007989045441797571,severe,severe,severe,True,low uncertainty,robust severe,22,21,23
SIM048113,EXP0072,MP0188,PE,0.1,nano-scale,fiber,oxidized,negative,high,365,barrier-impaired,high-fat,0.7889584411285665,0.7889983614757878,1.0,0.8943179365842573,0.8854947412734742,0.9002435783779162,0.9084533095978766,0.919368476155549,0.8584342741396461,severe,lymphatic burden dominated,0.8503201258085372,0.027711279936443647,0.0325892320966312,0.8040213601961793,0.8338832157622739,0.8516893898439778,0.8717547612576726,0.892349745184411,0.0883283849882317,0.0,0.0,0.0,1.0,1.0,-0.008114148331108906,severe,severe,severe,True,low uncertainty,robust severe,23,29,21
SIM048380,EXP0072,MP0455,PS,0.1,nano-scale,fiber,UV-aged,negative,high,365,barrier-impaired,high-fat,0.7757387722475753,0.792126169478754,0.9935760039529752,0.9009394218891096,0.883946077802826,0.900953637304638,0.9081870321460722,0.9195723406909048,0.8594897494762145,severe,lymphatic burden dominated,0.8502474908006351,0.02714998488197048,0.031931861223574776,0.8017286837304902,0.834719004447306,0.8521011373577652,0.86789165322792,0.8917573780149034,0.09002869428441318,0.0,0.0,0.0,1.0,1.0,-0.009242258675579373,severe,severe,severe,True,low uncertainty,robust severe,24,37,28
SIM047681,EXP0071,MP0431,PS,0.05,nano-scale,fiber,oxidized,negative,high,365,barrier-impaired,normal,0.8244045716367447,0.7912536978481876,0.9771246511038169,0.9078103661211492,0.889654328388406,0.897321363595451,0.8784457872984625,0.9157047949511018,0.8545670637047703,severe,lymphatic burden dominated,0.8498569434651794,0.026337353805145867,0.03099033785348367,0.8052811207639994,0.8325924357875001,0.8515427415389,0.8700902926241348,0.8895998354398396,0.08431871467584018,0.0,0.0,0.0,1.0,1.0,-0.0047101202395909425,severe,severe,severe,True,low uncertainty,robust severe,25,24,37
SIM048353,EXP0072,MP0428,PS,0.05,nano-scale,fiber,UV-aged,negative,high,365,barrier-impaired,high-fat,0.7778851770062052,0.7929950835222426,0.9934154305158358,0.9014408781012958,0.884632804671256,0.901373426746754,0.908490492431655,0.919952394841784,0.8599213151179401,severe,lymphatic burden dominated,0.8496125332687986,0.02688765852507973,0.031646965495671926,0.8046721798585753,0.8322783321678462,0.8488892122948477,0.868149846546777,0.8929628407959724,0.08829066093739713,0.0,0.0,0.0,1.0,1.0,-0.010308781849141524,severe,severe,severe,True,low uncertainty,robust severe,26,27,18
SIM048518,EXP0072,MP0593,PVC,0.1,nano-scale,fiber,oxidized,negative,high,365,barrier-impaired,high-fat,0.8026162493136665,0.7959092683771541,0.9859082644980132,0.9021035815050872,0.8889384429294737,0.9014351586366636,0.9087800648734388,0.920290504838672,0.8593268662367521,severe,lymphatic burden dominated,0.849210051095056,0.029008930526807388,0.034159900120548765,0.7989838004410263,0.8293363582752171,0.8508166989903694,0.8697021338778644,0.8947838583561772,0.0958000579151509,0.0,0.0,0.0,1.0,1.0,-0.010116815141696156,severe,severe,severe,True,low uncertainty,robust severe,27,52,15
SIM048347,EXP0072,MP0422,PS,0.05,nano-scale,fragment,oxidized,negative,high,365,barrier-impaired,high-fat,0.8038105980424504,0.7930422687329176,0.9877612204692328,0.898569640726091,0.8882563414289653,0.9010337745801472,0.9088569907662348,0.9196358041430096,0.8562260004526833,severe,lymphatic burden dominated,0.8491936239365517,0.027305948935305382,0.03215515068129317,0.8016582189886784,0.8316240492739495,0.8511571985516615,0.8677342997484909,0.892280116563716,0.09062189757503758,0.0,0.0,0.0,1.0,1.0,-0.007032376516131533,severe,severe,severe,True,low uncertainty,robust severe,28,39,22
SIM048382,EXP0072,MP0457,PS,0.1,nano-scale,fiber,oxidized,neutral,high,365,barrier-impaired,high-fat,0.78402042677393,0.7906100404241978,0.9955071919704972,0.897615729396768,0.8848232602491082,0.9005456568985193,0.9081935051340158,0.9193237553231212,0.8591922844215264,severe,lymphatic burden dominated,0.8491433661522227,0.02773583754532962,0.03266331534918317,0.8011163478965339,0.8320318137278319,0.8493248312774071,0.8676529798922098,0.892422502360856,0.09130615446432211,0.0,0.0,0.0,1.0,1.0,-0.010048918269303653,severe,severe,severe,True,low uncertainty,robust severe,29,42,20
SIM048221,EXP0072,MP0296,PP,0.05,nano-scale,fiber,oxidized,negative,high,365,barrier-impaired,high-fat,0.7887968854977891,0.7882905992601219,0.9983205940835976,0.894040007050003,0.8850187501682436,0.8999560706432397,0.9082121898000588,0.9189165848129106,0.8575169823658095,severe,lymphatic burden dominated,0.848931532590142,0.0258556193986087,0.030456660408986307,0.807731634619064,0.8288366382592057,0.850519821187045,0.8666201063503675,0.8867560798187165,0.07902444519965246,0.0,0.0,0.0,1.0,1.0,-0.008585449775667553,severe,severe,severe,True,low uncertainty,robust severe,30,15,51
SIM048516,EXP0072,MP0591,PVC,0.1,nano-scale,fiber,UV-aged,positive,high,365,barrier-impaired,high-fat,0.7815929220624803,0.7919492876057898,0.9792034595398724,0.9005508398638818,0.8827078063351165,0.8965643441963904,0.9040290752034986,0.9156715395395172,0.8550234070312683,severe,lymphatic burden dominated,0.8488126817040488,0.027774174392835443,0.03272120574005114,0.7968775223641844,0.831407326910832,0.8520088342374559,0.8685961564393079,0.8891426934456274,0.09226517108144294,0.0,0.0,0.0,1.0,1.0,-0.006210725327219557,severe,severe,severe,True,low uncertainty,robust severe,31,62,40
SIM048219,EXP0072,MP0294,PP,0.05,nano-scale,fiber,UV-aged,positive,high,365,barrier-impaired,high-fat,0.7677862070747385,0.7843343854286285,0.9972831327874988,0.8930567565519595,0.8798121585077359,0.8978318000227357,0.9069169935460476,0.9166330584485796,0.8548876940064554,severe,lymphatic burden dominated,0.8483960066769928,0.027721155083776483,0.032674782608091646,0.8019781080167452,0.8326541413072119,0.8505960250690705,0.866181482687441,0.8911416770358446,0.08916356901909939,0.0,0.0,0.0033333333333333335,0.9966666666666667,1.0,-0.006491687329462592,severe,severe,severe,True,low uncertainty,robust severe,32,36,30
SIM048355,EXP0072,MP0430,PS,0.05,nano-scale,fiber,oxidized,neutral,high,365,barrier-impaired,high-fat,0.7861414213452105,0.7914704355228255,0.9953257482845264,0.8981093545689192,0.8854981426362161,0.900959073836168,0.9084935469241264,0.9196950261416386,0.8596154663140717,severe,lymphatic burden dominated,0.848387182586523,0.027344283096529746,0.03223090077001346,0.8014640244688545,0.8287561413535253,0.8508674212556311,0.8675532765888168,0.891948146421997,0.0904841219531426,0.0,0.0,0.0,1.0,1.0,-0.011228283727548694,severe,severe,severe,True,low uncertainty,robust severe,33,41,25
SIM048374,EXP0072,MP0449,PS,0.1,nano-scale,fragment,oxidized,negative,high,365,barrier-impaired,high-fat,0.8020623553643602,0.7923747654694995,0.9882669357663192,0.8982074040732696,0.8877732323822989,0.9009102471432824,0.9086638455022504,0.9194676601198056,0.8560115001165784,severe,lymphatic burden dominated,0.848331177950667,0.02890573022461598,0.03407363889938613,0.7949448387273069,0.8304939680921826,0.8511301286737524,0.8686343004634453,0.8901644845683598,0.09521964584105291,0.0,0.0,0.0,1.0,1.0,-0.007680322165911413,severe,severe,severe,True,low uncertainty,robust severe,34,72,35
SIM047978,EXP0072,MP0053,PET,0.1,nano-scale,fiber,oxidized,negative,high,365,barrier-impaired,high-fat,0.7836662493136667,0.7906031249851573,0.9738315976316342,0.8979119830640837,0.8814050996747769,0.8940808525801525,0.9006842260741745,0.9130629375616212,0.8528900888166786,severe,lymphatic burden dominated,0.8482556632600208,0.026322369982347882,0.031031175060069242,0.8063786050362391,0.8291621186331825,0.850040439933831,0.8663760012381819,0.8887120527888435,0.08233344775260432,0.0,0.0,0.0,1.0,1.0,-0.0046344255566578285,severe,severe,severe,True,low uncertainty,robust severe,35,18,42
SIM048248,EXP0072,MP0323,PP,0.1,nano-scale,fiber,oxidized,negative,high,365,barrier-impaired,high-fat,0.7867334411285665,0.7874285652724919,0.9984277468027788,0.8935474317701771,0.8843442640977666,0.8995427927585424,0.90791164845896,0.918537277115796,0.8570715085744438,severe,lymphatic burden dominated,0.8476228415353404,0.025664121907420814,0.030277761110004853,0.8062113227856111,0.8325061844960377,0.8481908501180353,0.8638504353715211,0.890798445432394,0.08458712264678281,0.0,0.0,0.0,1.0,1.0,-0.009448667039103409,severe,severe,severe,True,low uncertainty,robust severe,36,20,32
SIM048402,EXP0072,MP0477,PS,1.0,submicron-to-small,fragment,oxidized,positive,high,365,barrier-impaired,high-fat,0.7998017962974382,0.789037086882601,0.9875050330169874,0.8973890914581472,0.8862657310110432,0.8993331295764164,0.9069291266234528,0.9183024254983996,0.8536540203804489,severe,lymphatic burden dominated,0.8468895298199512,0.02745942100259925,0.03242385226843541,0.8025600023199617,0.8278023612659419,0.8475370688788948,0.867288662400928,0.891041002429702,0.08848100010974025,0.0,0.0,0.0,1.0,1.0,-0.00676449056049766,severe,severe,severe,True,low uncertainty,robust severe,37,33,31
SIM048546,EXP0072,MP0621,PVC,1.0,submicron-to-small,fiber,oxidized,positive,high,365,barrier-impaired,high-fat,0.7978878166606986,0.7908170891447229,0.9819962971898508,0.9002117458931232,0.88587695004825,0.898176511511099,0.9041618442028212,0.917324001968546,0.8549711610507993,severe,lymphatic burden dominated,0.8464822526025919,0.02664184227542096,0.03147359816874666,0.798151493451206,0.8301905238639391,0.8490953464470314,0.8650520634428964,0.8865201400541206,0.08836864660291466,0.0,0.0,0.0,1.0,1.0,-0.008488908448207377,severe,severe,severe,True,low uncertainty,robust severe,38,54,52
SIM047708,EXP0071,MP0458,PS,0.1,nano-scale,fiber,oxidized,negative,high,365,barrier-impaired,normal,0.8222455001793612,0.7904153837355458,0.977344206007016,0.9073194862300106,0.8889817591128063,0.8969116871579924,0.8781229833364766,0.9153357311153922,0.8541713621175723,severe,lymphatic burden dominated,0.8464012099993664,0.026769750975692633,0.031627732403266585,0.8049734014837137,0.8273781915736961,0.8456111404183558,0.8648993736937423,0.8886646197033705,0.08369121821965686,0.0,0.0,0.0033333333333333335,0.9966666666666667,1.0,-0.007770152118205864,severe,severe,severe,True,low uncertainty,robust severe,39,25,43
SIM048084,EXP0072,MP0159,PE,0.05,nano-scale,fiber,UV-aged,positive,high,365,barrier-impaired,high-fat,0.7700112070747386,0.7859028664981426,0.99926421864929,0.8938678600106202,0.8810359397665595,0.8985645887350588,0.90746471710048,0.9175462423393752,0.8563330924927407,severe,lymphatic burden dominated,0.8461359373218587,0.026269516150537714,0.03104644891180659,0.7998066607761968,0.8307888336196437,0.845530568721788,0.8644306200683027,0.8864813867103962,0.08667472593419945,0.0,0.0,0.0,1.0,1.0,-0.010197155170882044,severe,severe,severe,True,low uncertainty,robust severe,40,46,53
SIM048141,EXP0072,MP0216,PE,1.0,submicron-to-small,fiber,oxidized,positive,high,365,barrier-impaired,high-fat,0.7846240380924281,0.7837957028663974,0.998220988963486,0.8926759682439622,0.882889880571533,0.8981350839298423,0.9061365286186962,0.917494346781892,0.8546478057663007,severe,lymphatic burden dominated,0.8455248374966363,0.02787243199688974,0.032964651966202775,0.7954111606270735,0.8285495880136413,0.8461906044956813,0.8641769814874641,0.8889102680084957,0.0934991073814222,0.0,0.0,0.0,1.0,1.0,-0.009122968269664411,severe,severe,severe,True,low uncertainty,robust severe,41,66,41
SIM048489,EXP0072,MP0564,PVC,0.05,nano-scale,fiber,UV-aged,positive,high,365,barrier-impaired,high-fat,0.7837329838879331,0.7928178143623958,0.9786859011207404,0.901015540151442,0.8833286349651883,0.8967713813314829,0.904332364270316,0.9159246884403603,0.8553549771285816,severe,lymphatic burden dominated,0.8454462436188556,0.02517495952119996,0.029777126235029518,0.803885610230483,0.8267590049722702,0.8462459598405487,0.8614749842407967,0.887665363589339,0.08377975335885601,0.0,0.0,0.0,1.0,1.0,-0.009908733509725987,severe,severe,severe,True,low uncertainty,robust severe,42,30,47
SIM048246,EXP0072,MP0321,PP,0.1,nano-scale,fiber,UV-aged,positive,high,365,barrier-impaired,high-fat,0.7657099283681513,0.7834564114435483,0.9973852890248516,0.8925582618733302,0.8791301590939316,0.8974131339169513,0.906611299008404,0.916248490266814,0.8544300009784607,severe,lymphatic burden dominated,0.8454223145751769,0.026267055219274624,0.03106974439448372,0.8017004423899263,0.829234925687936,0.8463484109321507,0.8622605893814739,0.8869989698611151,0.08529852747118882,0.0,0.0,0.0,1.0,1.0,-0.009007686403283754,severe,severe,severe,True,low uncertainty,robust severe,43,38,50
SIM048408,EXP0072,MP0483,PS,1.0,submicron-to-small,fiber,UV-aged,positive,high,365,barrier-impaired,high-fat,0.7692394924031027,0.7864061870108175,0.9912615187961676,0.8988722811960418,0.8806357913817511,0.898501531757158,0.9057112611179466,0.91727642143343,0.8553405349029487,severe,lymphatic burden dominated,0.844846926300298,0.026900168860976143,0.031840287303575666,0.7981011815921422,0.8279796272817237,0.844476884106824,0.862913429190216,0.8897370308371864,0.0916358492450442,0.0,0.0,0.0,1.0,1.0,-0.010493608602650695,severe,severe,severe,True,low uncertainty,robust severe,44,56,36
SIM048345,EXP0072,MP0420,PS,0.05,nano-scale,fragment,UV-aged,positive,high,365,barrier-impaired,high-fat,0.7828031334045691,0.7891116915488531,0.9826185673033084,0.8971819126369608,0.8823171752009129,0.8963498206117412,0.9070564447128214,0.9157918328154104,0.8524177556616178,severe,lymphatic burden dominated,0.8447962434691608,0.027698661022901857,0.03278738658818409,0.8000131506902968,0.8276704481618746,0.8482674985314791,0.862227891345912,0.8905767759136308,0.09056362522333405,0.0,0.0,0.006666666666666667,0.9933333333333333,1.0,-0.007621512192456992,severe,severe,severe,True,low uncertainty,robust severe,45,44,33
SIM048111,EXP0072,MP0186,PE,0.1,nano-scale,fiber,UV-aged,positive,high,365,barrier-impaired,high-fat,0.7679349283681511,0.7850269058523591,0.999347640177478,0.8933679275889196,0.8803510056311926,0.8981448937246453,0.9071593345372516,0.9171582426402404,0.8558731433331278,severe,lymphatic burden dominated,0.8445644370688331,0.025119932641240763,0.029743062268159075,0.8020729940483906,0.8279011442733315,0.8445560067128801,0.8618829895960182,0.8860809228903515,0.08400792884196084,0.0,0.0,0.0,1.0,1.0,-0.011308706264294699,severe,severe,severe,True,low uncertainty,robust severe,46,35,55
SIM047439,EXP0071,MP0189,PE,0.1,nano-scale,fiber,oxidized,positive,high,365,barrier-impaired,normal,0.8144414529037053,0.783070938444301,0.99006777380715,0.9003900915349057,0.886584703384657,0.8945971847550065,0.8896266095316546,0.9161529084562342,0.8524100612056865,severe,lymphatic burden dominated,0.8445407320677671,0.026005558736806808,0.030792545284469824,0.8035153819013946,0.8277770840788952,0.8461032484097826,0.862344100776136,0.8848012965757065,0.0812859146743119,0.0,0.0,0.0,1.0,1.0,-0.007869329137919379,severe,severe,severe,True,low uncertainty,robust severe,47,31,64
SIM048276,EXP0072,MP0351,PP,1.0,submicron-to-small,fiber,oxidized,positive,high,365,barrier-impaired,high-fat,0.7823990380924283,0.7822058486397486,0.9964769090294237,0.8918839397892749,0.8817041157011695,0.8974162295126953,0.9055860955490524,0.91662525639252,0.8532341592478909,severe,lymphatic burden dominated,0.8443964125825539,0.02667827649233906,0.03159449293574446,0.8047165528371679,0.826061009602453,0.8448225792010484,0.8624232687510913,0.8855702847989075,0.08085373196173962,0.0,0.0,0.0033333333333333335,0.9966666666666667,1.0,-0.008837746665336987,severe,severe,severe,True,low uncertainty,robust severe,48,26,60
SIM047412,EXP0071,MP0162,PE,0.05,nano-scale,fiber,oxidized,positive,high,365,barrier-impaired,normal,0.8165305399351886,0.7839170788382944,0.9900639479697628,0.9008934958286848,0.8872806280103568,0.8950179047511175,0.8901411898923134,0.9165860430585774,0.8528724727593111,severe,lymphatic burden dominated,0.8442870050204544,0.028018363250313504,0.033185827904104154,0.7951342884861837,0.8252242691480802,0.848467863267472,0.8639874005616629,0.885668043189835,0.09053375470365133,0.0,0.0,0.0,1.0,1.0,-0.008585467738856711,severe,severe,severe,True,low uncertainty,robust severe,49,67,58
SIM048372,EXP0072,MP0447,PS,0.1,nano-scale,fragment,UV-aged,positive,high,365,barrier-impaired,high-fat,0.781044355373351,0.7884316215794775,0.9831200069360664,0.89681491159941,0.8818279798719005,0.8962184057789089,0.9068585096708786,0.9156182448932344,0.8521930245045345,severe,lymphatic burden dominated,0.8439696710851877,0.028020049675491425,0.0332003040339467,0.7932390036145175,0.8255239525650732,0.8471121562770603,0.8623856426120939,0.8854318215149062,0.09219281790038869,0.0,0.0,0.0,1.0,1.0,-0.008223353419346768,severe,severe,severe,True,low uncertainty,robust severe,50,82,61
SIM047951,EXP0072,MP0026,PET,0.05,nano-scale,fiber,oxidized,negative,high,365,barrier-impaired,high-fat,0.7857936060554244,0.791463934116535,0.973215841335393,0.8983632431428206,0.8820034572673873,0.8942516074338146,0.9009307447650003,0.9132779612336798,0.8531903576182553,severe,lymphatic burden dominated,0.8439384528270261,0.028186607055168292,0.033398889410377455,0.7992450199284696,0.8251891301577713,0.8466451642256858,0.8639493006697476,0.8902324840631898,0.09098746413472014,0.0,0.0,0.006666666666666667,0.9933333333333333,1.0,-0.009251904791229282,severe,severe,severe,True,low uncertainty,robust severe,51,50,34
SIM048483,EXP0072,MP0558,PVC,0.05,nano-scale,fragment,oxidized,positive,high,365,barrier-impaired,high-fat,0.8096568330387597,0.7928675691209754,0.9698660415808018,0.8978280526528571,0.8863825274159364,0.8936307835521646,0.9066020635457356,0.914499305649782,0.8507289506726706,severe,lymphatic burden dominated,0.843819400287948,0.027336414171030526,0.03239604844552016,0.8027031310970031,0.8246536529715713,0.8428258126620962,0.861960127304562,0.8884799741168454,0.08577684301984234,0.0,0.0,0.0,1.0,1.0,-0.006909550384722629,severe,severe,severe,True,low uncertainty,robust severe,52,32,44
SIM047949,EXP0072,MP0024,PET,0.05,nano-scale,fiber,UV-aged,positive,high,365,barrier-impaired,high-fat,0.7647829838879332,0.7875170985925682,0.9658734084866648,0.8967224031071053,0.8756552833660872,0.8893241856280818,0.8947688806298717,0.908313349027078,0.8486879139290807,severe,lymphatic burden dominated,0.8437820407288528,0.028471753230958588,0.033743018761493375,0.7956707625611619,0.8239098732226506,0.8449769667747817,0.8641363114835393,0.8892732874152973,0.09360252485413545,0.0,0.0,0.0,1.0,1.0,-0.00490587320022795,severe,severe,severe,True,low uncertainty,robust severe,53,64,39
SIM048105,EXP0072,MP0180,PE,0.1,nano-scale,fragment,oxidized,positive,high,365,barrier-impaired,high-fat,0.7942292915226372,0.78532230874521,0.9950590670532836,0.8907436041281425,0.8843648494936918,0.8990049939165591,0.9078289367124568,0.9175320643479962,0.8527738543910437,severe,lymphatic burden dominated,0.8428297986807964,0.02582016788057682,0.030635091356475658,0.7950558872777045,0.8246942442968425,0.8468202912358003,0.8602303543868395,0.8831080533144767,0.08805216603677224,0.0,0.0,0.0,1.0,1.0,-0.009944055710247257,severe,severe,severe,True,low uncertainty,robust severe,54,70,74
SIM047844,EXP0071,MP0594,PVC,0.1,nano-scale,fiber,oxidized,positive,high,365,barrier-impaired,normal,0.8280996316238466,0.7904306934125697,0.9592315230024544,0.906598481712226,0.8871120240347935,0.8908139153361256,0.8657717734364994,0.9090492710759296,0.8484622286998155,severe,lymphatic burden dominated,0.8427291859080757,0.02811674725406356,0.0333639177617104,0.7915208953238958,0.8258671329933596,0.8433694885251952,0.8625560420868628,0.8861198018302282,0.0945989065063324,0.0,0.0,0.0033333333333333335,0.9966666666666667,1.0,-0.005733042791739806,severe,severe,severe,True,low uncertainty,robust severe,55,91,54
SIM047817,EXP0071,MP0567,PVC,0.05,nano-scale,fiber,oxidized,positive,high,365,barrier-impaired,normal,0.8302523729231442,0.7912686993066195,0.9585081410506564,0.9070379405449892,0.8876922838181205,0.8909354333361058,0.865917645478882,0.909216601762667,0.8487096487073084,severe,lymphatic burden dominated,0.8425861844091086,0.02769813329001007,0.032872759846402456,0.8016084342340305,0.8234065670694295,0.8421032689525044,0.8618983232105937,0.8893284305288324,0.08771999629480187,0.0,0.0,0.0,1.0,1.0,-0.0061234642981997656,severe,severe,severe,True,low uncertainty,robust severe,56,40,38
SIM048218,EXP0072,MP0293,PP,0.05,nano-scale,fiber,UV-aged,negative,high,365,barrier-impaired,high-fat,0.7422775752206053,0.7733546146051157,0.9981373215802416,0.8843341865736375,0.8709653128745956,0.8926801048274589,0.9043131789085096,0.91136903192599,0.8488208118100008,severe,lymphatic burden dominated,0.8425273023228049,0.02591167403747496,0.030754699540308118,0.7957299197446628,0.8263047201668574,0.843198900659583,0.8613435604134039,0.8852847677021934,0.08955484795753066,0.0,0.0,0.0,1.0,1.0,-0.00629350948719587,severe,severe,severe,True,low uncertainty,robust severe,57,63,62
SIM047574,EXP0071,MP0324,PP,0.1,nano-scale,fiber,oxidized,positive,high,365,barrier-impaired,normal,0.8122164529037053,0.781597655270184,0.9856811695820412,0.8993590390135651,0.8849486166214077,0.8936956914843583,0.8846820412239293,0.9141137714647796,0.8503276193482988,severe,lymphatic burden dominated,0.8424252518516565,0.028494789896510875,0.033824710066377175,0.7999167726421913,0.8249631118275966,0.8441049558152769,0.8620020260181802,0.8837848766459456,0.08386810400375433,0.0,0.0,0.006666666666666667,0.9933333333333333,1.0,-0.007902367496642304,severe,severe,severe,True,low uncertainty,robust severe,58,45,69
SIM048078,EXP0072,MP0153,PE,0.05,nano-scale,fragment,oxidized,positive,high,365,barrier-impaired,high-fat,0.7959192814162508,0.7859959247851088,0.9949392019365773,0.8911368072078379,0.8849044426805024,0.8993336775379169,0.9080647923838044,0.9178308682822042,0.8531067420838716,severe,lymphatic burden dominated,0.8424078367103842,0.028612638436205467,0.03396530420218347,0.7956629761638866,0.8244628330714908,0.8443436865911915,0.861608993881314,0.8873342401590814,0.09167126399519476,0.0,0.0,0.006666666666666667,0.9933333333333333,1.0,-0.010698905373487388,severe,severe,severe,True,low uncertainty,robust severe,59,65,49
SIM047679,EXP0071,MP0429,PS,0.05,nano-scale,fiber,UV-aged,positive,high,365,barrier-impaired,normal,0.8033939774459169,0.7873184003381463,0.9707132702840158,0.9062942633201791,0.8834849972890884,0.8929039126952529,0.8726783695800326,0.9111231844905238,0.8503537567956905,severe,lymphatic burden dominated,0.8423793234037867,0.02996956432512935,0.03557727913358118,0.7922108586310034,0.8208718064379235,0.8449951541035319,0.8632117368345773,0.8849560828037969,0.09274522417279352,0.0,0.0,0.0,1.0,1.0,-0.007974433391903735,severe,severe,severe,True,low uncertainty,robust severe,60,84,63
SIM048110,EXP0072,MP0185,PE,0.1,nano-scale,fiber,UV-aged,negative,high,365,barrier-impaired,high-fat,0.7424519912827766,0.774035079964024,1.0,0.8846265097736706,0.8714715174533405,0.892977399215983,0.9045492126444435,0.911854828669018,0.8497529203350441,severe,lymphatic burden dominated,0.8423756072943788,0.027454084006550163,0.03259126186559127,0.7939850986514025,0.8260207453410737,0.8444618144503102,0.8618944236073147,0.8829179203879777,0.08893282173657513,0.0,0.0,0.0,1.0,1.0,-0.007377313040665356,severe,severe,severe,True,low uncertainty,robust severe,61,76,77
SIM048517,EXP0072,MP0592,PVC,0.1,nano-scale,fiber,oxidized,neutral,high,365,barrier-impaired,high-fat,0.7643914529037051,0.7794662319906694,0.9839830173654992,0.88870916201489,0.8751056889796733,0.8924069686014957,0.9019506722545876,0.9110090071723694,0.8492843534594005,severe,lymphatic burden dominated,0.8423326766794297,0.02971603158898894,0.03527826049215805,0.793758465591011,0.8246191464967378,0.8447273947157777,0.8608079229741439,0.8881240028325883,0.09436553724157726,0.0,0.0,0.006666666666666667,0.9933333333333333,1.0,-0.006951676779970772,severe,severe,severe,True,low uncertainty,robust severe,62,79,45
SIM048510,EXP0072,MP0585,PVC,0.1,nano-scale,fragment,oxidized,positive,high,365,barrier-impaired,high-fat,0.8079138644788049,0.7922003294681892,0.9705319418191308,0.8974827010965659,0.8859296033989563,0.893557962241785,0.9065113541642766,0.9143902515681284,0.8505575023352746,severe,lymphatic burden dominated,0.8423215010306535,0.028090739361641213,0.03334918950452577,0.7979604908763472,0.8205730255034189,0.8439204178348307,0.8634554520605392,0.885964533564147,0.08800404268779971,0.0,0.0,0.0,1.0,1.0,-0.008236001304621099,severe,severe,severe,True,low uncertainty,robust severe,63,57,56
SIM047547,EXP0071,MP0297,PP,0.05,nano-scale,fiber,oxidized,positive,high,365,barrier-impaired,normal,0.8143055399351886,0.7824457879298229,0.9856378889183542,0.8998589289917894,0.8856378723248686,0.8941137409645249,0.8851622857471715,0.9145341577338932,0.8507818023878041,severe,lymphatic burden dominated,0.842188261188867,0.025690231921723605,0.03050414391365148,0.7997162004187012,0.8248668771279609,0.8418571038718159,0.8612003635905687,0.8820757420814312,0.08235954166273007,0.0,0.0,0.0,1.0,1.0,-0.008593541198937071,severe,severe,severe,True,low uncertainty,robust severe,64,47,85
SIM048515,EXP0072,MP0590,PVC,0.1,nano-scale,fiber,UV-aged,negative,high,365,barrier-impaired,high-fat,0.7561096134733339,0.7809836294555481,0.9773298965526358,0.8913672154593936,0.8733206813222246,0.8904200699777286,0.8985114213670505,0.9091495032197866,0.8481075208550372,severe,lymphatic burden dominated,0.8420091263983485,0.02688692220957836,0.031931865542305794,0.7981088006929087,0.8232869085126497,0.8432294234694062,0.8604407712923504,0.884109650366392,0.08600084967348331,0.0,0.0,0.0,1.0,1.0,-0.006098394456688694,severe,severe,severe,True,low uncertainty,robust severe,65,55,67
SIM048213,EXP0072,MP0288,PP,0.05,nano-scale,fragment,oxidized,positive,high,365,barrier-impaired,high-fat,0.7936942814162509,0.7844303840453888,0.992925844205648,0.8903231129098313,0.8836754914589982,0.898598998199982,0.9075174468467724,0.916911685416128,0.8516570436511739,severe,lymphatic burden dominated,0.841955131250034,0.02817725998863342,0.0334664626923358,0.7947479097897305,0.8215625450921188,0.8433514816678132,0.8620745604676027,0.8880732855177191,0.0933253757279886,0.0,0.0,0.0,1.0,1.0,-0.009701912401139934,severe,severe,severe,True,low uncertainty,robust severe,66,74,46
SIM048083,EXP0072,MP0158,PE,0.05,nano-scale,fiber,UV-aged,negative,high,365,barrier-impaired,high-fat,0.7445025752206054,0.7749247126761809,1.0,0.8851337992403373,0.8721681321903432,0.8934039016801926,0.9048595199231646,0.912258677063647,0.8502432465493102,severe,lymphatic burden dominated,0.8417650701962549,0.028151897540579906,0.033443888962965566,0.7951310357215193,0.8252451338245739,0.8428194244809585,0.859955581880109,0.8856480516107508,0.09051701588923144,0.0,0.0,0.006666666666666667,0.9933333333333333,1.0,-0.008478176353055256,severe,severe,severe,True,low uncertainty,robust severe,67,68,59
SIM048490,EXP0072,MP0565,PVC,0.05,nano-scale,fiber,oxidized,neutral,high,365,barrier-impaired,high-fat,0.7664805399351885,0.7803404464296572,0.983587167576772,0.8891809683337801,0.8757376087536164,0.8926559809794302,0.9023223979174017,0.9113024981981594,0.8496595281605287,severe,lymphatic burden dominated,0.8416894734282878,0.024844919659158683,0.02951791657549577,0.7991904028984392,0.8250827106094207,0.8415376556732708,0.8583407321922716,0.8816188088746935,0.08242840597625423,0.0,0.0,0.0,1.0,1.0,-0.007970054732240883,severe,severe,severe,True,low uncertainty,robust severe,68,51,89
SIM047736,EXP0071,MP0486,PS,1.0,submicron-to-small,fiber,oxidized,positive,high,365,barrier-impaired,normal,0.8173245789978065,0.7854889588161857,0.9742467705306572,0.9055154303685192,0.8860556591794843,0.894490998793908,0.8725845154831154,0.9126170790822584,0.8501963558394918,severe,lymphatic burden dominated,0.8416151566324472,0.02653687279603857,0.031530887469029156,0.7976481774398778,0.8243772201742876,0.8405709988602803,0.8596951584230565,0.8829081050416552,0.08525992760177736,0.0,0.0,0.0033333333333333335,0.9966666666666667,1.0,-0.008581199207044587,severe,severe,severe,True,low uncertainty,robust severe,69,58,78
SIM048006,EXP0072,MP0081,PET,1.0,submicron-to-small,fiber,oxidized,positive,high,365,barrier-impaired,high-fat,0.7789378166606986,0.7854289393321213,0.9702398248471196,0.8960344190360612,0.8783834206942148,0.8910618117555894,0.8951058691014908,0.9100758932110186,0.8485235258835562,severe,lymphatic burden dominated,0.841210598524658,0.026065646881598313,0.030985875507610214,0.797540017003563,0.8223291664484218,0.8424113433711544,0.8593747676114496,0.8827459781968655,0.08520596119330248,0.0,0.0,0.0,1.0,1.0,-0.0073129273588982135,severe,severe,severe,True,low uncertainty,robust severe,70,59,81
SIM048488,EXP0072,MP0563,PVC,0.05,nano-scale,fiber,UV-aged,negative,high,365,barrier-impaired,high-fat,0.7582242394417085,0.7818667472899956,0.977057044418903,0.8920508604207426,0.874041051225541,0.8907402743987612,0.8988832053520271,0.909537046862539,0.8485582798984505,severe,lymphatic burden dominated,0.8412006709316568,0.02807297763758739,0.03337250980370985,0.7905616811265228,0.8242819845068844,0.8427975806740063,0.8608757032278558,0.8832056825333293,0.09264400140680651,0.0,0.0,0.0,1.0,1.0,-0.007357608966793605,severe,severe,severe,True,low uncertainty,robust severe,71,100,73
SIM047976,EXP0072,MP0051,PET,0.1,nano-scale,fiber,UV-aged,positive,high,365,barrier-impaired,high-fat,0.7626429220624804,0.7866403884270365,0.9663514085011562,0.896091883163095,0.8749775280291914,0.8890794162747849,0.8944999223018094,0.908006641396778,0.8483075729769519,severe,lymphatic burden dominated,0.8410812566853278,0.025387529390320622,0.030184395608031753,0.8022543609375438,0.8249244878609172,0.8410346521138803,0.8570278919561733,0.8796346423424816,0.0773802814049378,0.0,0.0,0.0033333333333333335,0.9966666666666667,1.0,-0.007226316291624069,severe,severe,severe,True,low uncertainty,robust severe,72,34,106
SIM048240,EXP0072,MP0315,PP,0.1,nano-scale,fragment,oxidized,positive,high,365,barrier-impaired,high-fat,0.7920042915226373,0.7837551681628391,0.9930615223570496,0.8899311448949004,0.883138396950806,0.8982712053249009,0.9072813579051652,0.9166157944366594,0.8513261382322567,severe,lymphatic burden dominated,0.8408693705214023,0.027531409955079595,0.032741601633051884,0.7939636287487385,0.8210706116829156,0.8425163708221843,0.8609973457910445,0.8837034621729972,0.08973983342425873,0.0,0.0,0.0,1.0,1.0,-0.010456767710854353,severe,severe,severe,True,low uncertainty,robust severe,73,77,70
SIM048409,EXP0072,MP0484,PS,1.0,submicron-to-small,fiber,oxidized,neutral,high,365,barrier-impaired,high-fat,0.7540042764067755,0.7743125928709778,0.9936654561028296,0.8871080350498105,0.873139025829198,0.893168081171967,0.9032201725126237,0.9119604912266994,0.8490786244645049,severe,lymphatic burden dominated,0.8407412397201874,0.026815430973709063,0.03189498707426531,0.8005530255744843,0.8217292722966447,0.8420801162915593,0.856982186505377,0.8845770280287242,0.08402400245423991,0.0,0.0,0.0033333333333333335,0.9966666666666667,1.0,-0.008337384744317444,severe,severe,severe,True,low uncertainty,robust severe,74,43,65
SIM048407,EXP0072,MP0482,PS,1.0,submicron-to-small,fiber,UV-aged,negative,high,365,barrier-impaired,high-fat,0.7439108483299572,0.7752800144610732,0.9911253906410264,0.8900466224472601,0.8716230489377612,0.8932587352838041,0.9018022313295024,0.9116239619090334,0.848875662699447,severe,lymphatic burden dominated,0.8406810565613485,0.027701520429233444,0.03295128421533426,0.7950769669395571,0.8213188752058047,0.840019514448733,0.8596126045111957,0.8874815973863741,0.09240463044681702,0.0,0.0,0.0,1.0,1.0,-0.008194606138098526,severe,severe,severe,True,low uncertainty,robust severe,75,69,48
SIM048085,EXP0072,MP0160,PE,0.05,nano-scale,fiber,oxidized,neutral,high,365,barrier-impaired,high-fat,0.7527589886307676,0.7733963228195512,1.0,0.8816104600681857,0.8726888412963432,0.892837813941507,0.904831264873593,0.911616598362076,0.8495435209839703,severe,lymphatic burden dominated,0.8402765060091969,0.026820942766552343,0.03191918680899888,0.7971800259374291,0.8211796174943622,0.8420304011224675,0.8573377664467671,0.88285531001995,0.0856752840825209,0.0,0.0,0.0,1.0,1.0,-0.009267014974773446,severe,severe,severe,True,low uncertainty,robust severe,76,61,79
SIM047706,EXP0071,MP0456,PS,0.1,nano-scale,fiber,UV-aged,positive,high,365,barrier-impaired,normal,0.8012222647805068,0.7864644717645247,0.9712632534100634,0.9058311065978832,0.8828654092612499,0.8927168679736524,0.8723912673100302,0.9108821283886058,0.8500466996126713,severe,lymphatic burden dominated,0.8401293149996454,0.02592947262884371,0.030863668444689126,0.7950326604824609,0.8247648606489443,0.8404018039490141,0.8574507321269864,0.8799510492399969,0.08491838875753599,0.0,0.0,0.0,1.0,1.0,-0.009917384613025937,severe,severe,severe,True,low uncertainty,robust severe,77,71,100
SIM047411,EXP0071,MP0161,PE,0.05,nano-scale,fiber,oxidized,negative,high,365,barrier-impaired,normal,0.7910218854977893,0.7729671030623003,0.9898483599030808,0.8920703929563067,0.8782476918699609,0.8897883709837023,0.8850333545598283,0.9107374609785132,0.8464852166253312,severe,lymphatic burden dominated,0.839954841839128,0.026900094110625716,0.03202564324969475,0.7920420436978859,0.8205375968695942,0.8408647691075812,0.8589221307324885,0.8835130045405182,0.09147096084263229,0.0,0.0,0.0,1.0,1.0,-0.006530374786203108,severe,severe,severe,True,low uncertainty,robust severe,78,86,72
SIM048245,EXP0072,MP0320,PP,0.1,nano-scale,fiber,UV-aged,negative,high,365,barrier-impaired,high-fat,0.7402269912827766,0.7724629746203945,0.9982186157877824,0.8838345921128452,0.8702828948872472,0.8922595748276483,0.9040035499274636,0.9109811948979316,0.8483455486572532,severe,lymphatic burden dominated,0.8399482571649153,0.025096299761449222,0.029878387802276186,0.7993308053375444,0.8226943558903252,0.8387979980469198,0.8593557575708695,0.880523256633004,0.0811924512954596,0.0,0.0,0.0,1.0,1.0,-0.008397291492337922,severe,severe,severe,True,low uncertainty,robust severe,79,49,95
SIM047673,EXP0071,MP0423,PS,0.05,nano-scale,fragment,oxidized,positive,high,365,barrier-impaired,normal,0.8293256758995281,0.7873323801211647,0.9620339256787716,0.9031142897079708,0.8865583345329532,0.8898109472639188,0.8749015457775163,0.909728461119588,0.8457323055879162,severe,lymphatic burden dominated,0.8398962315542295,0.02654355752862992,0.03160337733564945,0.7934309045940631,0.8227787728277407,0.8402209023134237,0.8595154514965085,0.8806023953381319,0.08717149074406882,0.0,0.0,0.0,1.0,1.0,-0.005836074033686689,severe,severe,severe,True,low uncertainty,robust severe,80,80,92
SIM048352,EXP0072,MP0427,PS,0.05,nano-scale,fiber,UV-aged,neutral,high,365,barrier-impaired,high-fat,0.7396220603469355,0.776563687828011,0.9944656662376552,0.8883421728295442,0.8713292207661769,0.8936361856961932,0.9045926703104712,0.9120162524158096,0.8508037099086309,severe,lymphatic burden dominated,0.8392016688258104,0.026336448907043043,0.03138274134256781,0.7907515102338112,0.8230458103475434,0.8414417508318619,0.8570152896973999,0.8798640737240218,0.08911256349021057,0.0,0.0,0.0,1.0,1.0,-0.01160204108282048,severe,severe,severe,True,low uncertainty,robust severe,81,97,101
SIM048140,EXP0072,MP0215,PE,1.0,submicron-to-small,fiber,oxidized,negative,high,365,barrier-impaired,high-fat,0.7593022804161438,0.7726627790667288,0.998885836229142,0.8839300029572187,0.8740215367285841,0.8929548145921711,0.903487270076544,0.912190025083616,0.8484033107527745,severe,lymphatic burden dominated,0.8389400034236749,0.028011443778551155,0.0333890905955186,0.7873500284394535,0.8218984301959783,0.8401914420936374,0.8579308342429286,0.8843261802820483,0.0969761518425949,0.0,0.0,0.0033333333333333335,0.9966666666666667,1.0,-0.009463307329099613,severe,severe,severe,True,low uncertainty,robust severe,82,131,66
SIM048346,EXP0072,MP0421,PS,0.05,nano-scale,fragment,oxidized,neutral,high,365,barrier-impaired,high-fat,0.7655380348349352,0.7766614394812505,0.9873246855688168,0.8853317520060437,0.8746938090743066,0.8922274497113354,0.9047583730565686,0.911090533450466,0.846690815253175,severe,lymphatic burden dominated,0.8389076094210253,0.024821924399773924,0.02958838866281743,0.7984009677328741,0.8219887332401443,0.8386752095362641,0.8566233869728743,0.876592617783742,0.07819165005086792,0.0,0.0,0.0,1.0,1.0,-0.007783205832149753,severe,severe,severe,True,low uncertainty,robust severe,83,53,124
SIM048379,EXP0072,MP0454,PS,0.1,nano-scale,fiber,UV-aged,neutral,high,365,barrier-impaired,high-fat,0.7375138094239284,0.7756728921219399,0.9945841608384298,0.8878376295234771,0.8706395288166062,0.893212395499489,0.9042827125225488,0.9116288475060592,0.8503425375279906,severe,lymphatic burden dominated,0.8388931948330309,0.029216201587713545,0.0348270814063449,0.7878703185938375,0.8189786383355875,0.8407107598034553,0.8603257863552256,0.8827673404543964,0.09489702186055893,0.0,0.0,0.0,1.0,1.0,-0.011449342694959674,severe,severe,severe,True,low uncertainty,robust severe,84,125,80
SIM047546,EXP0071,MP0296,PP,0.05,nano-scale,fiber,oxidized,negative,high,365,barrier-impaired,normal,0.7887968854977891,0.7714942224485276,0.985372759500166,0.891030527939486,0.8765956732765592,0.888879937218395,0.880048762815467,0.9086746857726244,0.8443829411106604,severe,lymphatic burden dominated,0.8384216964192206,0.02778839371511857,0.03314369586780219,0.7905163210197066,0.8214505057887052,0.8390065517732352,0.8582731296372541,0.8819405838376548,0.09142426281794824,0.0,0.0,0.0,1.0,1.0,-0.005961244691439771,severe,severe,severe,True,low uncertainty,robust severe,85,103,86
SIM048112,EXP0072,MP0187,PE,0.1,nano-scale,fiber,oxidized,neutral,high,365,barrier-impaired,high-fat,0.7507342041658126,0.7725161556136594,1.0,0.8811091792253877,0.8720006156409341,0.8924162904562059,0.9045243400889752,0.9112175431648456,0.8490580101328487,severe,lymphatic burden dominated,0.8381929554159496,0.0276337875087478,0.03296828890073609,0.7905597161530106,0.8196518191261479,0.8395151901311437,0.8573930381033134,0.8815317552559849,0.09097203910297436,0.0,0.0,0.0,1.0,1.0,-0.010865054716899025,severe,severe,severe,True,low uncertainty,robust severe,86,101,90
SIM047705,EXP0071,MP0455,PS,0.1,nano-scale,fiber,UV-aged,negative,high,365,barrier-impaired,normal,0.7757387722475753,0.7755196404932468,0.9697494077193888,0.8968831535700987,0.873606080335853,0.8866978638525752,0.8654962354089213,0.9043039326299224,0.8432031969273076,severe,lymphatic burden dominated,0.8381869099183857,0.026591071376488903,0.031724512828584205,0.78999325394105,0.8224064090554761,0.8394663003194518,0.8568782909904834,0.8778467923194812,0.08785353837843113,0.0,0.0,0.0,1.0,1.0,-0.005016287008921871,severe,severe,severe,True,low uncertainty,robust severe,87,105,120
SIM048220,EXP0072,MP0295,PP,0.05,nano-scale,fiber,oxidized,neutral,high,365,barrier-impaired,high-fat,0.7505339886307677,0.7718260975728098,0.9996491572308706,0.8809620034431289,0.8717581247607001,0.892233423608385,0.904308772458047,0.9110309168281736,0.8484303686318762,severe,lymphatic burden dominated,0.838179595861033,0.028034265589826125,0.033446609447697236,0.7909655696239288,0.8187708462778325,0.8408309478913061,0.8573434997790873,0.8782319626012853,0.0872663929773565,0.0,0.0,0.0,1.0,1.0,-0.010250772770843186,severe,severe,severe,True,low uncertainty,robust severe,88,96,118
SIM048373,EXP0072,MP0448,PS,0.1,nano-scale,fragment,oxidized,neutral,high,365,barrier-impaired,high-fat,0.7638215014980837,0.7759763011867141,0.9877533082308488,0.8849628567386958,0.8742007736080976,0.8920643595867487,0.9045527218367414,0.9108970016457412,0.8464382354494009,severe,lymphatic burden dominated,0.83817026164612,0.028840452552520306,0.03440882344816774,0.7871332071707355,0.8193087283732112,0.8405040927676745,0.8581987341651879,0.8816880693039152,0.09455486213317965,0.0,0.0,0.0,1.0,1.0,-0.008267973803280926,severe,severe,severe,True,low uncertainty,robust severe,89,132,88
SIM048104,EXP0072,MP0179,PE,0.1,nano-scale,fragment,oxidized,negative,high,365,barrier-impaired,high-fat,0.7687356342532092,0.7743670581409283,0.9958934072495478,0.8820266544940912,0.8755234349809613,0.8938588838789452,0.9052325172315828,0.9122699991720364,0.8467206150932404,severe,lymphatic burden dominated,0.8381649866808019,0.025917937850091548,0.03092223877389303,0.7974659006212305,0.8198410240235762,0.8395057699321027,0.8579671905334381,0.8802301152219718,0.08276421460074135,0.0,0.0,0.0,1.0,1.0,-0.00855562841243851,severe,severe,severe,True,low uncertainty,robust severe,90,60,97
SIM048275,EXP0072,MP0350,PP,1.0,submicron-to-small,fiber,oxidized,negative,high,365,barrier-impaired,high-fat,0.7570772804161439,0.7710715814433867,0.9971071134199688,0.8831342194764712,0.8728292442022781,0.8922329223673493,0.9029358839741306,0.9113137452092446,0.8469815221729747,severe,lymphatic burden dominated,0.838130337929202,0.026839237228452998,0.03202274874661335,0.788749588342488,0.8211520178129156,0.8407152333411241,0.8568090583740378,0.8785474323215339,0.08979784397904589,0.0,0.0,0.0,1.0,1.0,-0.008851184243772736,severe,severe,severe,True,low uncertainty,robust severe,91,118,115
SIM048545,EXP0072,MP0620,PVC,1.0,submicron-to-small,fiber,oxidized,negative,high,365,barrier-impaired,high-fat,0.7725607229001491,0.7796995554637015,0.979475368027137,0.8911497146371465,0.8764372012681211,0.8917893515573467,0.8981705695169258,0.9105991609031074,0.8477788055716622,severe,lymphatic burden dominated,0.8381092406807205,0.02828654540616684,0.03375042778809894,0.7897869261036757,0.8200975005069817,0.838712498252167,0.8554675302375141,0.8830293403926144,0.09324241428893865,0.0,0.0,0.0033333333333333335,0.9966666666666667,1.0,-0.009669564890941729,severe,severe,severe,True,low uncertainty,robust severe,92,107,76
SIM048371,EXP0072,MP0446,PS,0.1,nano-scale,fragment,UV-aged,negative,high,365,barrier-impaired,high-fat,0.7555503796811178,0.7774958476164409,0.982601837683676,0.8879668772880616,0.8727472680460207,0.8902946093864862,0.9041115621664908,0.909864631099542,0.8457702757964896,severe,lymphatic burden dominated,0.8381087693337969,0.028649654928986554,0.03418369545485803,0.7893065544579771,0.819861783587503,0.8384670681541994,0.8571758530699145,0.883061598011136,0.09375504355315889,0.0,0.0,0.0033333333333333335,0.9966666666666667,1.0,-0.007661506462692702,severe,severe,severe,True,low uncertainty,robust severe,93,112,75
SIM047700,EXP0071,MP0450,PS,0.1,nano-scale,fragment,oxidized,positive,high,365,barrier-impaired,normal,0.8275563796567434,0.7866768691231533,0.9627225625456568,0.9027697089633688,0.8861055901664582,0.8897549846572144,0.874814879859646,0.9096273579816392,0.8455796931494588,severe,lymphatic burden dominated,0.8380512387158338,0.02732829643803228,0.03260933839782336,0.7903719793207683,0.8221826691322596,0.8380254362026769,0.8593890617685143,0.8805401208546948,0.0901681415339265,0.0,0.0,0.0,1.0,1.0,-0.0075284544336250425,severe,severe,severe,True,low uncertainty,robust severe,94,104,93
SIM047678,EXP0071,MP0428,PS,0.05,nano-scale,fiber,UV-aged,negative,high,365,barrier-impaired,normal,0.7778851770062052,0.7763885545367353,0.969287546897024,0.8973544810437625,0.8742385754749424,0.8869200273842721,0.8658972561685496,0.9045866077863686,0.8435521495282093,severe,lymphatic burden dominated,0.8380403202243053,0.02830867332566328,0.033779607785521054,0.7896934903956373,0.8171866974870825,0.8416730367433011,0.8577099138442975,0.8817170516133133,0.09202356121767596,0.0,0.0,0.0,1.0,1.0,-0.005511829303904037,severe,severe,severe,True,low uncertainty,robust severe,95,108,87
SIM048344,EXP0072,MP0419,PS,0.05,nano-scale,fragment,UV-aged,negative,high,365,barrier-impaired,high-fat,0.7572880698213449,0.7781878905504312,0.9821583907743028,0.8883390319031831,0.8732443282436444,0.8904529736550065,0.90431800489774,0.9100565129141714,0.8460219075034202,severe,lymphatic burden dominated,0.8375820139229448,0.027133383467960404,0.032394897474988284,0.7913999863557283,0.8206463294699907,0.8379588317447175,0.8562084725886467,0.8790182015180905,0.08761821516236223,0.0,0.0,0.0,1.0,1.0,-0.008439893580475366,severe,severe,severe,True,low uncertainty,robust severe,96,92,107
SIM047680,EXP0071,MP0430,PS,0.05,nano-scale,fiber,oxidized,neutral,high,365,barrier-impaired,normal,0.7861414213452105,0.7748639065373182,0.975802870996898,0.894483458144504,0.8759328145795154,0.8888691567984415,0.8707292750612131,0.9065685045516356,0.8447264325086511,severe,lymphatic burden dominated,0.8375775284124163,0.027412734685880222,0.03272859377902231,0.7889228274843684,0.8186404672454806,0.8397433531918657,0.8553338688243248,0.8804549632599525,0.09153213577558417,0.0,0.0,0.0033333333333333335,0.9966666666666667,1.0,-0.007148904096234809,severe,severe,severe,True,low uncertainty,robust severe,97,115,96
SIM048077,EXP0072,MP0152,PE,0.05,nano-scale,fragment,oxidized,negative,high,365,barrier-impaired,high-fat,0.7704043110131039,0.7750517853250778,0.9957893893778096,0.8824205755142729,0.8760630642824626,0.8941889481360684,0.9054715456188636,0.912571184119545,0.8470676026454153,severe,lymphatic burden dominated,0.8375106371267615,0.027926960939928906,0.03334520148389312,0.7905447491996302,0.818906433314523,0.836136316000232,0.858046038123847,0.8856863272866743,0.09514157808704404,0.0,0.0,0.0,1.0,1.0,-0.009556965518653704,severe,severe,severe,True,low uncertainty,robust severe,98,102,57
SIM047707,EXP0071,MP0457,PS,0.1,nano-scale,fiber,oxidized,neutral,high,365,barrier-impaired,normal,0.78402042677393,0.7740035114386906,0.9762340362095664,0.8940148051250228,0.8753028820672131,0.8886401864161795,0.8703776211010614,0.9062885271414004,0.8443762835240377,severe,lymphatic burden dominated,0.8374912627201428,0.026375636071638096,0.03149362536146281,0.794580578007401,0.8203695918460308,0.835830196030455,0.8544734750445165,0.8789102792687836,0.08432970126138262,0.0,0.0,0.0,1.0,1.0,-0.006885020803894859,severe,severe,severe,True,low uncertainty,robust severe,99,75,110
SIM048239,EXP0072,MP0314,PP,0.1,nano-scale,fragment,oxidized,negative,high,365,barrier-impaired,high-fat,0.7665106342532092,0.7727983304550996,0.9938562318984516,0.8812098887136802,0.8742895040209742,0.8931216088366132,0.904683832990684,0.9113454962754348,0.8452635451947127,severe,lymphatic burden dominated,0.8374470927836242,0.02799338213239296,0.0334270455693042,0.7917288976125888,0.8188591490346397,0.8363881213060301,0.857199425360586,0.880526741693477,0.0887978440808882,0.0,0.0,0.0033333333333333335,0.9966666666666667,1.0,-0.007816452411088526,severe,severe,severe,True,low uncertainty,robust severe,100,88,94
