polymer,size_class,shape,aging,n_scenarios,mean_particle_hazard,mean_interaction_risk,mean_lymphatic_burden,mean_macrophage_activation,mean_ROS,mean_cytokine,mean_final_risk,max_final_risk
PS,nano-scale,fiber,oxidized,432,0.8190757300514961,0.6939801073199187,0.3815747167809637,0.5050537626162901,0.5341759964540718,0.491532229550383,0.5407334876355939,0.874641652884942
PE,nano-scale,fiber,oxidized,432,0.785740918710305,0.6755838373241417,0.3909979074505828,0.4866625097737322,0.5223319734191201,0.48533317234230394,0.5315580728796404,0.8649810453813664
PP,nano-scale,fiber,oxidized,432,0.783515918710305,0.6740544372613945,0.3847116725050543,0.4835219805779873,0.5193002420837878,0.48229458359082195,0.5283953557805515,0.8635501696661705
PS,nano-scale,fiber,UV-aged,432,0.772562676875178,0.6789590270288547,0.3721388448717466,0.48887850129821026,0.5162185473348183,0.47992371644938864,0.5281772832720996,0.8659715799618427
PVC,nano-scale,fiber,oxidized,432,0.7994306421258293,0.6828626774160861,0.36254559472964243,0.48828472892196934,0.5197565566925538,0.47903606818379957,0.5269962027257898,0.8660256715658484
PS,submicron-to-small,fiber,oxidized,216,0.7877745897567311,0.6762028768183822,0.3661768861630384,0.48602281712951717,0.5165610520290553,0.4777634346945292,0.524361699443857,0.8647706969944219
PS,nano-scale,fragment,oxidized,432,0.7986857575493502,0.6793022638864115,0.36511717450899145,0.4843150760974819,0.518616492861433,0.4781045550766962,0.5238502919770562,0.8625470676351237
PET,nano-scale,fiber,oxidized,432,0.7804806421258292,0.6775758848787095,0.35197360270754324,0.48055297288859716,0.5107566484343501,0.4721339619313982,0.5202290784204956,0.8599655552154287
PE,nano-scale,fiber,UV-aged,432,0.7392280468982193,0.6604940079612214,0.38183326420070884,0.4704980055103551,0.504410073371996,0.4738401896564289,0.5190229201155134,0.8563330924927407
PP,nano-scale,fiber,UV-aged,432,0.7370030468982193,0.658962316322281,0.3753226489592418,0.46720381327628746,0.5012864032714031,0.4707184737549486,0.5157738075022638,0.8548876940064554
PE,nano-scale,fragment,oxidized,432,0.7653192935845295,0.6609181886768267,0.3760569905387928,0.4661567877099702,0.5070841417535829,0.47242568524862133,0.5150979360750646,0.8531067420838716
PVC,nano-scale,fiber,UV-aged,432,0.7529176490513909,0.6678110528097598,0.3520577420528393,0.47160283058710345,0.5014748691904488,0.466959851755971,0.5140429875619985,0.8553549771285816
PE,submicron-to-small,fiber,oxidized,216,0.7550833734665331,0.6575719994022273,0.3721353225247089,0.46640045247927836,0.5036556806708198,0.4702902551056916,0.5137904391087793,0.8546478057663007
PP,nano-scale,fragment,oxidized,432,0.7630942935845296,0.6593896654299128,0.36885157931334195,0.46272209699598793,0.503812807981632,0.46909415484899514,0.5116666302995774,0.8516570436511739
PS,nano-scale,fragment,UV-aged,432,0.7521685109113725,0.6642951076989021,0.3549392871539079,0.4677384610538261,0.5004334683947504,0.4661380759691785,0.5110355327625764,0.8524177556616178
PP,submicron-to-small,fiber,oxidized,216,0.7528583734665333,0.6560222843841493,0.366106193347398,0.46331679399901915,0.5007099755022795,0.46738001765385445,0.5107020120787521,0.8532341592478909
PS,submicron-to-small,fiber,UV-aged,216,0.7396907070033285,0.6603786385883085,0.35497262485724324,0.46871844080226127,0.4974917750732717,0.46518139770453026,0.5106590790766954,0.8553405349029487
PVC,submicron-to-small,fiber,oxidized,216,0.7683408592177586,0.6649285469709625,0.3472734972296292,0.46918124481912965,0.502205170932556,0.4652363141083572,0.5104890945696096,0.8549711610507993
PS,submicron-to-small,fragment,oxidized,216,0.7702319767465815,0.6633668511832288,0.35354442895809357,0.4675258414285039,0.503358512617872,0.4664261792056959,0.5098894020569533,0.8536540203804489
PVC,nano-scale,fragment,oxidized,432,0.7790301705388679,0.668192089782059,0.3444211273890779,0.46672822226485805,0.5036842577646722,0.46484504642285945,0.5095279726239021,0.8507289506726706
PET,nano-scale,fiber,UV-aged,432,0.733967649051391,0.662515085006205,0.34117341774556764,0.46361747824528965,0.492342656331042,0.45993875620578906,0.5071443985377417,0.8486879139290807
PET,submicron-to-small,fiber,oxidized,216,0.7493908592177587,0.6595572308057825,0.337257345443567,0.4615277266093991,0.4933420809447061,0.45851726618887767,0.5038197843569916,0.8485235258835562
PET,nano-scale,fragment,oxidized,432,0.7600801705388681,0.6629088808423274,0.3332935484416537,0.45863260517159005,0.4944408565657039,0.45773040410864135,0.5025472588826114,0.8423020664190483
PE,nano-scale,fragment,UV-aged,432,0.7188021659814396,0.645841633782249,0.3661776956286151,0.4495354986278456,0.48891501768648954,0.46060533045444924,0.502306403259609,0.8444420656892317
PE,submicron-to-small,fiber,UV-aged,216,0.7070035179586874,0.6417077174082676,0.36125790832586346,0.4490086129630959,0.48459667462548106,0.45784294940576276,0.5001290246883058,0.8453490769718447
PE,submicron-to-small,fragment,oxidized,216,0.7374745366300454,0.6447706175436414,0.3608911826138601,0.4481222260679025,0.4907570088631096,0.4594791612450881,0.4997463883164111,0.8440417246921592
PP,nano-scale,fragment,UV-aged,432,0.7165771659814395,0.6443108125116773,0.3587185989542786,0.44595965994342307,0.48556081325184125,0.45716562626576196,0.49878215233567197,0.8429773976551833
PP,submicron-to-small,fiber,UV-aged,216,0.7047785179586875,0.6401564159397922,0.3547665881223037,0.445741170346765,0.4815260285192309,0.45473775933009886,0.49688797746454844,0.8439225760760642
PVC,submicron-to-small,fiber,UV-aged,216,0.720258285750233,0.6490846871831536,0.3351646125679667,0.45134800498106875,0.48283524235233066,0.45224256418635206,0.49643830225049934,0.8411422285815057
PP,submicron-to-small,fragment,oxidized,216,0.7352495366300453,0.6432236755936821,0.35410592770303057,0.4447737135413761,0.48761051969722174,0.45628104595027075,0.49642521255231564,0.8426096499092118
PVC,nano-scale,fragment,UV-aged,432,0.7325129633905755,0.6531541915681904,0.33351185230232927,0.44968468445949833,0.4851986161558466,0.4526067251099603,0.49640828595044223,0.8358684216960099
PS,submicron-to-small,fragment,UV-aged,216,0.7221395333221369,0.6475897421501811,0.3418345876611638,0.44987759777367536,0.4841308337030395,0.4535881845475711,0.49602609935058234,0.8420416802080077
PVC,submicron-to-small,fragment,oxidized,216,0.7507766929080667,0.6521153632170597,0.33333643301110716,0.44999724526553136,0.48857443351845864,0.453337612194451,0.495569485733107,0.8394750578931645
PS,nano-scale,sphere,oxidized,432,0.7545937056545723,0.6519803302560763,0.3377993988625224,0.4463354443716408,0.4894967169945051,0.45391477775403183,0.49455762323763425,0.835247049459576
PS,small microplastic,fiber,oxidized,216,0.7502419848755848,0.6510882455321999,0.3197095722899659,0.4530264337892942,0.48593213863651913,0.4503000030042528,0.49273172187827474,0.8408716444984401
PET,submicron-to-small,fiber,UV-aged,216,0.7013082857502331,0.6437066555421728,0.3249862897602316,0.4436065264544962,0.4738950195409289,0.4454578991202713,0.48970611164761846,0.8310742486742115
PET,nano-scale,fragment,UV-aged,432,0.7135629633905756,0.6478617963387795,0.3222523897779477,0.44159910636671945,0.47589628609570794,0.4454394679665248,0.4893863975752578,0.8246288785935514
PET,submicron-to-small,fragment,oxidized,216,0.7318266929080666,0.6467557836981049,0.3228913298587556,0.44216377011890584,0.47953525739312863,0.44646002928396694,0.48875863366001127,0.8292734518353176
PS,nano-scale,fiber,pristine,432,0.6243507047181375,0.6300267608550477,0.33875197273219193,0.4341271266658236,0.4574078628411196,0.44108927784070523,0.486159315451944,0.8256292640016083
PE,nano-scale,sphere,oxidized,432,0.7212034705731284,0.6335551907235989,0.34965369372648286,0.42831310890421964,0.4781555461425554,0.44865623565714186,0.48606203064682973,0.8276140173833696
PE,submicron-to-small,fragment,UV-aged,216,0.6893854864419141,0.6289472444253159,0.34946937613835455,0.43043452741568394,0.47154718719870764,0.4467731131800083,0.4859243281626774,0.8319164180613572
PP,submicron-to-small,fragment,UV-aged,216,0.6871604864419141,0.6273985104161219,0.34237059340333503,0.42704337302854917,0.46834018844141895,0.4434263670990538,0.4825097826921491,0.8274919363242321
PP,nano-scale,sphere,oxidized,432,0.7189784705731284,0.6320256624451521,0.34178634839299127,0.42465572307273947,0.4747125611788918,0.44502035254135885,0.4824153010386705,0.8225057502608546
PS,submicron-to-small,sphere,oxidized,216,0.7287595525913801,0.6374265883062207,0.3287700874185379,0.43126155303266295,0.4760230506583118,0.443806436498157,0.48227032554038046,0.8239526607804757
PVC,submicron-to-small,fragment,UV-aged,216,0.7026853549268632,0.6363160082145436,0.3212363890221238,0.4322014323366847,0.4691852550175354,0.4403613158494823,0.4815580855494378,0.8212770421525514
PS,nano-scale,sphere,UV-aged,432,0.7080733060775347,0.6369545165360185,0.32702508376833045,0.4294440266802172,0.4710763322003416,0.44175779114688724,0.48151410322741584,0.8191433603547369
PS,small microplastic,fragment,oxidized,216,0.7339664868157522,0.639470831870321,0.3137544243664078,0.43719497667091617,0.47537933323405224,0.44170353194821316,0.48119798697419036,0.8261097036118555
PE,small microplastic,fiber,oxidized,216,0.7178314972061868,0.6324222572459129,0.32199248241614603,0.4320052055143204,0.47184019395900584,0.44170258097320386,0.48092093285956217,0.8293411950877749
PVC,nano-scale,sphere,oxidized,432,0.7349302267935707,0.6408533752826,0.3157525781692051,0.42816845487540006,0.4740034949520357,0.44016506478340933,0.4797444463233447,0.8126485753309638
PVC,small microplastic,fiber,oxidized,216,0.730899130013051,0.6397602742290552,0.3013300778945921,0.4361097114658846,0.4716506691418332,0.4378371065948222,0.47891343312449447,0.8207215082149965
PS,small microplastic,fiber,UV-aged,216,0.7005391404695409,0.6346407619170306,0.3064135399256205,0.4344441124054845,0.46565818520539703,0.43662639967597155,0.4779221523280531,0.8212316150061044
PP,small microplastic,fiber,oxidized,216,0.7156064972061865,0.6308652210986827,0.31600777157159393,0.4289911169131847,0.46897990036664894,0.43875397273645483,0.4778541141828898,0.8243448053344775
PE,nano-scale,fiber,pristine,432,0.5910168044624853,0.6113403198054677,0.34965591452001904,0.41577838270043227,0.4457279586494567,0.4354734180868902,0.47715761289865843,0.8195329323590175
PET,submicron-to-small,fragment,UV-aged,216,0.6837353549268633,0.6309489399626864,0.3107377011202051,0.4244515584846635,0.4601200018471111,0.4334645405314105,0.4747403834335486,0.8101373305762832
PP,nano-scale,fiber,pristine,432,0.5887918044624854,0.6098013171677501,0.34200794792647854,0.4122377006592232,0.44235404432693565,0.4319007097471627,0.4735697399446248,0.8139173185576339
PE,nano-scale,sphere,UV-aged,432,0.6746831517134128,0.6184594024366861,0.339146093191881,0.4115228328754952,0.4598352383421363,0.43656092688378706,0.4730658870091869,0.8119731818407471
PET,nano-scale,sphere,oxidized,432,0.7159802267935709,0.635566215778108,0.30425442775719413,0.4200800965387614,0.4646360646254138,0.43295110435265804,0.47266477408147173,0.8000163304558358
PET,small microplastic,fiber,oxidized,216,0.711949130013051,0.6343536050983501,0.29224421231259573,0.4288097844210632,0.4630085433001105,0.4314278148198233,0.4725127369988939,0.8092804667112166
PE,submicron-to-small,sphere,oxidized,216,0.6959459143639143,0.6188312044686463,0.3371767461731356,0.4121296203673744,0.46370538381144233,0.4372787062781682,0.472479758459364,0.8144065417359476
PS,larger microplastic,fiber,oxidized,216,0.7275120489075714,0.6357715336388698,0.2867970609422538,0.4300960241087512,0.4655085813330487,0.43172502864182705,0.4718969064513222,0.8108741527388554
PVC,nano-scale,fiber,pristine,432,0.6047059187103048,0.618779887208585,0.3171073463569096,0.416262205158063,0.4421027299828985,0.42747916813243936,0.4714343419806023,0.804486493994315
PE,small microplastic,fragment,oxidized,216,0.7015276631413597,0.6207712260482054,0.31691744919932613,0.4164790537693016,0.4615597440223616,0.43338085174033225,0.4696512972681974,0.8151977413999926
PP,nano-scale,sphere,UV-aged,432,0.6724581517134127,0.6169275752613139,0.3311518700069,0.4078824327741742,0.45634621911093276,0.4328883053131611,0.4693821519081141,0.8069000674062495
PP,submicron-to-small,sphere,oxidized,216,0.6937209143639143,0.617285502577951,0.32986952575163525,0.4087040971313912,0.46043987705358347,0.4338563978952899,0.46900671641165603,0.8096013087094283
PS,nano-scale,fragment,pristine,432,0.6039396823934589,0.6154055342178544,0.32067247320444114,0.4126950249999953,0.44133171502633894,0.4269771513984845,0.468769954630391,0.8030919724945995
PS,submicron-to-small,sphere,UV-aged,216,0.6806598266940077,0.621668808515773,0.31692001861847163,0.41370145207465264,0.4567482662906907,0.43096723125556363,0.46840018327303645,0.8063658090207122
PVC,submicron-to-small,sphere,oxidized,216,0.7092859437113745,0.6261806233633876,0.3075948562764051,0.41353749785880317,0.4608555530240237,0.4303857887364505,0.46765304693365944,0.8013968829183398
PVC,small microplastic,fragment,oxidized,216,0.7146144951750493,0.628131446598953,0.2948230750977541,0.4202164770546376,0.4609125833885121,0.4290562649810503,0.467213468901466,0.8041941245847312
PS,submicron-to-small,fiber,pristine,216,0.5918204262180302,0.6105248520853844,0.31771134474103735,0.4126218384257199,0.4373972943632876,0.42477993398558805,0.46667907345863824,0.8048202017474252
PVC,nano-scale,sphere,UV-aged,432,0.6884098540165415,0.6257965823392424,0.3047479596587783,0.41135850101194577,0.455519828098394,0.4279502386432363,0.4666354435360635,0.7938546226601814
PP,small microplastic,fragment,oxidized,216,0.6993026631413597,0.6192132866269325,0.31067643988040977,0.4134166559772322,0.45861556666978304,0.4303487177386416,0.4665065547276288,0.8101129350950385
PS,small microplastic,fragment,UV-aged,216,0.6842600231677032,0.6230112916857536,0.3005731264756907,0.4187813049946346,0.4551407112077002,0.4280805614422707,0.4664352730706214,0.8062407764519413
PE,small microplastic,fiber,UV-aged,216,0.6681359749369338,0.6159936893192826,0.30883153460495616,0.41362741064131386,0.4516866512627444,0.428142435712154,0.4662098027617017,0.8098985631457334
PET,nano-scale,fiber,pristine,432,0.5857559187103049,0.6134543576134717,0.3058904098887585,0.40837279717999203,0.4328305286582459,0.4203373067212894,0.4644379673007468,0.7895139679368721
PVC,small microplastic,fiber,UV-aged,216,0.6811986452755002,0.6233203335614939,0.28807071419143776,0.4177227745996071,0.451388551543971,0.4241943930140766,0.4641505833092741,0.7989230807745819
PP,small microplastic,fiber,UV-aged,216,0.6659109749369337,0.6144373884677863,0.3028427230068068,0.4106524150758113,0.44881333198109974,0.4251880430240267,0.4631464279392732,0.8049673438241052
PS,larger microplastic,fragment,oxidized,216,0.7114617456106956,0.6241194046456168,0.2833650140511888,0.4153174659799502,0.45579919814815306,0.4240524538409908,0.46113506708388646,0.7968815017405899
PET,submicron-to-small,sphere,oxidized,216,0.6903359437113745,0.620826316358965,0.2968188727033797,0.4057545119624106,0.45172153073588617,0.4234320455412497,0.4607694138110798,0.7877118973478333
PET,small microplastic,fragment,oxidized,216,0.6956644951750494,0.6227221886879486,0.28545599551098216,0.41286770018534,0.4521998964023239,0.4225757996635102,0.4607325745888724,0.7924115283020329
PE,nano-scale,fragment,pristine,432,0.5705738158794533,0.5967274841458255,0.3325131126559959,0.3946928424519606,0.4299881941396024,0.4216566618895166,0.4600865482837191,0.7975858910598285
PE,larger microplastic,fiber,oxidized,216,0.6951650643115947,0.6173053464925211,0.28778214504641864,0.40899663954374676,0.45122274118006395,0.42286010519835543,0.459912978341061,0.8003484081220409
PET,nano-scale,sphere,UV-aged,432,0.6694598540165415,0.6205002163907994,0.2932053221322056,0.40335161337904823,0.44616520799248566,0.42074896915435045,0.4595581702086697,0.7780732431202593
PE,submicron-to-small,sphere,UV-aged,216,0.6478490864461142,0.603024128644847,0.32554756096650156,0.3946811618367321,0.4445284216436715,0.42450249896506825,0.45866173467286364,0.7978588353014331
PVC,larger microplastic,fiber,oxidized,216,0.7081896409514085,0.624529001280036,0.26958841048011556,0.41379732429440375,0.4516231975964312,0.4197477644239806,0.4585570608724082,0.7870720545264611
PET,small microplastic,fiber,UV-aged,216,0.6622486452755004,0.61791614301549,0.27903309052642045,0.41051161099391,0.44278489011030636,0.4178299195669118,0.4577874678057641,0.7858826933055577
PP,larger microplastic,fiber,oxidized,216,0.6929400643115947,0.6157559254355841,0.28226714207181114,0.40617804459330104,0.4484712113582772,0.42006065220175987,0.45699823142687196,0.794325275512567
PS,larger microplastic,fiber,UV-aged,216,0.6761623005616967,0.6189687441553966,0.2734000679129125,0.411397971909264,0.44476215714392914,0.41785084612000667,0.4569138057498358,0.7875678379558675
PS,small microplastic,sphere,oxidized,216,0.6939047528630486,0.6146754667749795,0.2952591324948867,0.4040171294785336,0.4506203385230349,0.4218515460065159,0.4564255988930799,0.7925436917122639
PP,nano-scale,fragment,pristine,432,0.5683488158794533,0.595189296214604,0.3244345323981409,0.39110196093083854,0.4264941957009306,0.4179862754973866,0.45638885333086343,0.7901141961254019
PE,submicron-to-small,fiber,pristine,216,0.5591497554647601,0.5917546532082996,0.32451055631697723,0.3931042584340836,0.42464054983135424,0.41773871063574325,0.45625540242642343,0.7961108428298826
PP,submicron-to-small,sphere,UV-aged,216,0.6456240864461142,0.6014765554326781,0.31810348800432414,0.39127262304991084,0.44122007018674914,0.421051220440989,0.4551499670516237,0.7924780190618328
PE,small microplastic,fragment,UV-aged,216,0.6518281443565175,0.6043205279153903,0.30383606710415756,0.3982326683870157,0.44142511833955894,0.4198536182924651,0.45496281216155443,0.79601489019785
PVC,nano-scale,fragment,pristine,432,0.5842842935845295,0.6041646197830759,0.2985354927502742,0.3948831794145843,0.425856215769329,0.41322509350551895,0.453924567993155,0.7731325588985436
PVC,submicron-to-small,sphere,UV-aged,216,0.6611871635652803,0.6103993797989516,0.2956149984556229,0.3960991122207039,0.44155582787270603,0.4175288680339293,0.45375896203709454,0.7785117246548469
PP,submicron-to-small,fiber,pristine,216,0.5569247554647601,0.590199352701939,0.31746511436923713,0.3898466773216115,0.4214735032801081,0.414431784773724,0.4528765931450974,0.7891061739734904
PVC,small microplastic,fragment,UV-aged,216,0.6649102716035995,0.6116745994340681,0.2816750391414447,0.40196816483882286,0.44071354201536084,0.41548691371868135,0.45249602163762154,0.7800178350240747
PET,larger microplastic,fiber,oxidized,216,0.6892396409514085,0.6191503126962326,0.26122462904168736,0.406831923184574,0.44324487522178413,0.4136436488401867,0.4524354209274791,0.7736025667413743
PVC,submicron-to-small,fiber,pristine,216,0.5723933734665331,0.5991808352942514,0.2973485511407985,0.3954171943154197,0.4225297738820444,0.4116482697828499,0.4523004201504551,0.7782762620862547
PS,submicron-to-small,fragment,pristine,216,0.5742341915331137,0.597854911345818,0.30483041378063547,0.3941871968992228,0.4241322828871058,0.41334983660438973,0.4522745722615255,0.7821675396478585
PP,small microplastic,fragment,UV-aged,216,0.6496031443565174,0.6027629042934125,0.2975830822625574,0.3952023083662905,0.4384659788319439,0.41681372592454075,0.4518187921137148,0.789904864408436
PE,larger microplastic,fragment,oxidized,216,0.6790967190218393,0.6055688002116169,0.28493732744441763,0.39439249271434196,0.44165838744960223,0.41532355572465746,0.4492691987906325,0.785075082953578
PVC,larger microplastic,fragment,oxidized,216,0.6921335325578993,0.6128392501496828,0.26560832060683603,0.39894179523439527,0.4417699336599629,0.4119204298544448,0.4476179808312209,0.7696045782140076
PET,nano-scale,fragment,pristine,432,0.5653342935845295,0.59884249092501,0.2871620872655124,0.3870998844634532,0.4165872979073036,0.40609448110236573,0.44691960286999555,0.7574008550965672
PET,submicron-to-small,sphere,UV-aged,216,0.6422371635652803,0.6050372863162413,0.2848609842188644,0.3884568814172698,0.43246510439949193,0.410618783777695,0.4469067687634567,0.7634352125534319
PP,larger microplastic,fragment,oxidized,216,0.6768717190218394,0.6040159624622391,0.2791989698036839,0.39153504806056316,0.43884950909608633,0.4124643945913089,0.4462896861137908,0.7776401118681375
PS,larger microplastic,fragment,UV-aged,216,0.6601096991737231,0.6072580166948276,0.26996423143677495,0.39672379670043906,0.43507238392994757,0.41019870082757237,0.44612849291659135,0.7706274038302989
PET,small microplastic,fragment,UV-aged,216,0.6459602716035994,0.6062661094077322,0.2723895899100699,0.39476767550936565,0.43206136221408975,0.4090710717749972,0.4460717020278714,0.7658714225776894
PET,submicron-to-small,fiber,pristine,216,0.5534433734665333,0.5937854397853845,0.28713939592995774,0.38799488416261907,0.4136015681091153,0.4048939407814242,0.445607009520674,0.7635118870977613
PE,small microplastic,sphere,oxidized,216,0.6614523070135994,0.5959682468777632,0.29931344970965623,0.3836966590509305,0.43713073832269606,0.4138372215796371,0.4451899160852706,0.7817549868026015
PE,larger microplastic,fiber,UV-aged,216,0.6438235201436845,0.6005467051887192,0.2745798384108605,0.3905491769188546,0.4305958947883976,0.4091082322915827,0.4450620731855651,0.7744061653466606
PVC,larger microplastic,fiber,UV-aged,216,0.6568425312580954,0.6077462224660154,0.25645713072331455,0.3954011230507624,0.43102339511978793,0.40602893649775745,0.4437243227754305,0.7598652426568777
PVC,small microplastic,sphere,oxidized,216,0.6745483659605251,0.6033349106329635,0.2758531799061579,0.3871631376637737,0.43607630999889424,0.4091373495350873,0.44235248444620584,0.763243060280925
PE,submicron-to-small,fragment,pristine,216,0.5414940335512113,0.5790902190859972,0.3127002053888334,0.3750932117801684,0.41175377695724563,0.4066914476600413,0.44223155985693474,0.7734834926328399
PP,larger microplastic,fiber,UV-aged,216,0.6415985201436846,0.5989990910936515,0.2691226952291486,0.3877999137336169,0.42787749761985094,0.40634514411329226,0.4421801288429482,0.7671294210178464
PP,small microplastic,sphere,oxidized,216,0.6592273070135994,0.5944102016872533,0.29281698904491094,0.38063610353262806,0.43409829007192924,0.41072668631104414,0.44197522411605805,0.7737905925602063
PS,small microplastic,sphere,UV-aged,216,0.6441965478456899,0.5982168051104814,0.2823100394213163,0.3859755537616695,0.4305223400407921,0.40839231216387945,0.4417999157457024,0.7666003090646923
PET,larger microplastic,fragment,oxidized,216,0.6731835325578993,0.6074476377004567,0.25698361848339846,0.39198314849178423,0.43333805284683613,0.4057602076100776,0.4414251237066654,0.7560333560104333
PS,nano-scale,sphere,pristine,432,0.5598318150116365,0.5880021153403776,0.2925795137476291,0.3753574514781603,0.4120422268500125,0.4027281220853115,0.43934570696157954,0.7530080185096285
PP,submicron-to-small,fragment,pristine,216,0.5392690335512113,0.5775367179497904,0.3054026472159137,0.3718300164575596,0.4085044664001676,0.40330668282189247,0.4387845632846116,0.7664056029327831
PVC,submicron-to-small,fragment,pristine,216,0.5547845366300455,0.5865212517603094,0.28401530853325274,0.3770848273083466,0.40916983472447166,0.4001311295982741,0.4378144312896075,0.7517987870916039
PET,larger microplastic,fiber,UV-aged,216,0.6378925312580954,0.6023744727569541,0.24826699481596293,0.3886274477223282,0.4227358992234889,0.4000184591141082,0.43769366785340413,0.746718207917769
PS,larger microplastic,sphere,oxidized,216,0.6716744668002128,0.5994476929573089,0.26783261510548395,0.3836078000659445,0.4321709718611461,0.4054377810832771,0.4374600945247365,0.7579048531317865
PET,small microplastic,sphere,oxidized,216,0.6555983659605253,0.5979258646808928,0.266320686765912,0.37996985867832933,0.42737725145440614,0.40267563722359767,0.4358678480507881,0.7489737799181252
PE,larger microplastic,fragment,UV-aged,216,0.6277526210219556,0.5887442161989137,0.2717419792409705,0.376087763952589,0.42106101207180896,0.401598157802763,0.4343997210915586,0.7581175915173399
PS,small microplastic,fiber,pristine,216,0.552817233383533,0.5846304635812832,0.2675075815852707,0.3789425761806693,0.4051887326605773,0.39589099619779095,0.43354034309144124,0.748983176920188
PVC,larger microplastic,fragment,UV-aged,216,0.6407840439708226,0.5959941747400436,0.25247345067042176,0.3807134601636258,0.4212070969923066,0.3982398234969211,0.43277400453028775,0.742683456130497
PP,larger microplastic,fragment,UV-aged,216,0.6255276210219557,0.5871928727003077,0.2660665358645901,0.3733157259092716,0.4182906607606864,0.3987806057477336,0.43145699743243376,0.7507059461071026
PET,submicron-to-small,fragment,pristine,216,0.5358345366300454,0.5811338688800518,0.2735773452918594,0.3697225412627843,0.4002153515895961,0.3933526179473037,0.43108645220643105,0.7369948452668995
PE,nano-scale,sphere,pristine,432,0.5264419847920384,0.569281538164977,0.3050204040893738,0.35769442977431953,0.40096028557863983,0.39760464354310193,0.43086889252546606,0.7506328666000393
PE,small microplastic,sphere,UV-aged,216,0.6117508690684276,0.5795122097326052,0.28647658755906485,0.3658911635665526,0.4171201617189273,0.4004585023629843,0.4306421359004578,0.7560723556823913
PVC,small microplastic,sphere,UV-aged,216,0.6248423446054123,0.5868759781663286,0.26307470633881447,0.3694669210859224,0.4161135971831913,0.39581912080156473,0.42784675661449256,0.737381726181934
PP,small microplastic,sphere,UV-aged,216,0.6095258690684275,0.5779542214942923,0.2800240869410609,0.3629128281982989,0.4141211517822531,0.3973839424006313,0.42745777640577753,0.7482245094535371
PP,nano-scale,sphere,pristine,432,0.5242169847920383,0.5677423771266115,0.2967604402042048,0.3542116885577944,0.3974194188875165,0.39390448162546327,0.4271420270057809,0.7414351349175247
PET,larger microplastic,fragment,UV-aged,216,0.6218340439708226,0.5906081748320955,0.24400479601492808,0.37394093248628574,0.4128611350628599,0.3921707860631659,0.42666677879741893,0.7294203630932772
PE,larger microplastic,sphere,oxidized,216,0.6393094402113566,0.5808607817986565,0.270155101317672,0.3631050283332507,0.4182813439711088,0.3969341425286303,0.4258381684072238,0.7458577519911168
PS,submicron-to-small,sphere,pristine,216,0.5327247141200677,0.5719807286204236,0.2805100724984556,0.3593904603457449,0.39714410268799616,0.39120245762131167,0.4251138902782379,0.7344731717134051
PVC,nano-scale,sphere,pristine,432,0.5401684705731283,0.5767438266855438,0.27011435205197837,0.35799605754203623,0.3966288514689589,0.3890524235297687,0.4245138953677187,0.721642411056211
PVC,larger microplastic,sphere,oxidized,216,0.6523462537474166,0.5881509515077189,0.249780921184022,0.36753473633052625,0.4181649888941071,0.39332909661602594,0.4239282915262258,0.7296104899549317
PP,larger microplastic,sphere,oxidized,216,0.6370844402113565,0.5793061927889301,0.2642573526297991,0.360303641461359,0.415457508717704,0.3940627187621976,0.42283196272489143,0.7383791328301014
PS,larger microplastic,sphere,UV-aged,216,0.6203224203632404,0.5825581022846698,0.2547556767356546,0.36553427771523156,0.4116559174740767,0.39180539392301167,0.42262573105341344,0.7312659111948834
PS,small microplastic,fragment,pristine,216,0.5365231583354001,0.572916094765465,0.26203047588350503,0.36383514752021207,0.3948792909090358,0.3875718796894625,0.42219542917369735,0.7305081058163121
PE,small microplastic,fiber,pristine,216,0.5204443681955845,0.5660722245808295,0.2703639873268435,0.3588024413244345,0.3915508710686922,0.38772526218633796,0.4221488780614998,0.7377405797812506
PET,small microplastic,sphere,UV-aged,216,0.6058923446054123,0.5814666556877618,0.2536360182411872,0.36244453725729975,0.4074833346651219,0.38942984783416207,0.4214258382573465,0.7233742547281383
PVC,small microplastic,fiber,pristine,216,0.5334864972061867,0.5733474865361502,0.2497689578323854,0.36313859483683547,0.3913080987053629,0.3838761220735582,0.4201583941319067,0.7212348327854171
PP,small microplastic,fiber,pristine,216,0.5182193681955846,0.564519270865418,0.2644916544748745,0.3560401461634567,0.388734403934581,0.38484245700846254,0.41916002744555103,0.73025345653046
PET,larger microplastic,sphere,oxidized,216,0.6333962537474165,0.5827528884793797,0.24102919116389454,0.36074421775070725,0.4097556425658437,0.3871998089814395,0.41773862314212284,0.7161770688960329
PET,nano-scale,sphere,pristine,432,0.5212184705731284,0.5714177928334218,0.2586008316690944,0.3504569126750211,0.38740739320162604,0.38198259354283565,0.4175315990924917,0.7061051489905372
PE,submicron-to-small,sphere,pristine,216,0.4999258147544634,0.5532027480366082,0.2893131240107441,0.34077583249470933,0.3850878219228819,0.3848420588736608,0.41540597408618246,0.7287974082760825
PET,small microplastic,fiber,pristine,216,0.5145364972061867,0.5679554313379229,0.24113649060752312,0.35645653911140757,0.38294144003827185,0.37776015852909944,0.414026780067657,0.708031268794731
PS,larger microplastic,fiber,pristine,216,0.5284738995227317,0.5694535399954672,0.23656309759017363,0.35776573376387577,0.385360258099723,0.378303441582564,0.4138450374822341,0.7101723825475359
PP,submicron-to-small,sphere,pristine,216,0.4977008147544634,0.5516501040231169,0.28180065077503713,0.3375870146728759,0.3817940534433972,0.3814228832873437,0.41191873511488203,0.7202143795567695
PE,larger microplastic,sphere,UV-aged,216,0.587965342211473,0.5640026222530022,0.2572689976583282,0.3453126086346969,0.3978891350319182,0.3834220461378833,0.41113101911094774,0.7196977197920412
PE,small microplastic,fragment,pristine,216,0.5041199928027931,0.5542858321773656,0.2656686500638819,0.34397267064967424,0.3814557717067348,0.3796173399148515,0.41100281611050943,0.7201006021132952
PVC,submicron-to-small,sphere,pristine,216,0.5132559143639142,0.560646799634902,0.25932937415596696,0.3426798575749032,0.38222105876103607,0.37803507106208944,0.4106612450102451,0.7042832026336134
PVC,larger microplastic,sphere,UV-aged,216,0.6009967651603398,0.5712750092488498,0.2369765234988783,0.3498318071809441,0.3978158266245196,0.37988091425571313,0.4092584508428126,0.7035284033170447
PVC,small microplastic,fragment,pristine,216,0.5171826631413595,0.5616030583050015,0.24374464554615827,0.3480409207396935,0.38088057028074196,0.3754320173815867,0.4086634113787018,0.7025288002784573
PP,larger microplastic,sphere,UV-aged,216,0.585740342211473,0.562449298595887,0.2514353075712929,0.3425967247999662,0.395104037935505,0.380594156933275,0.4081621040622397,0.7122621260475643
PP,small microplastic,fragment,pristine,216,0.501894992802793,0.5527303785549366,0.2595583434216305,0.34118825569838157,0.3785837605720103,0.3766762955900325,0.40794959379825996,0.7124639278435725
PET,submicron-to-small,sphere,pristine,216,0.4943059143639142,0.5552632219036774,0.24870793448360456,0.33551880248886917,0.3732925837144315,0.3712925257845641,0.4039405001585202,0.6896087820630848
PET,larger microplastic,sphere,UV-aged,216,0.5820467651603399,0.5658816037337173,0.2284297338669542,0.3432272714469717,0.3894994990533291,0.3738497185237481,0.40316330547922935,0.6903833592334875
PS,larger microplastic,fragment,pristine,216,0.5124117808247612,0.5575352053742497,0.23298183376662326,0.34349929823753,0.3757204459451219,0.3707039744607176,0.4029592614618026,0.6938635182983262
PET,small microplastic,fragment,pristine,216,0.4982326631413596,0.5562018403336481,0.23482404591170114,0.3413676180500871,0.37245671418176474,0.3692612655681407,0.4024589635840336,0.6892025956187589
PE,larger microplastic,fiber,pristine,216,0.49616913811900537,0.55118193113981,0.2384132582867193,0.33777859041927377,0.37160488764164357,0.36997556769523804,0.40244705594703695,0.6983446820135933
PVC,larger microplastic,fiber,pristine,216,0.5091650643115947,0.5582994838041465,0.2207601519895373,0.3428850311688902,0.3721818844791318,0.3670741976107749,0.40123234093459126,0.6842397767152326
PP,larger microplastic,fiber,pristine,216,0.49394413811900534,0.5496402827297877,0.23321399683445979,0.33528136910697665,0.36901277277459804,0.3673499859827509,0.399691354477133,0.6914765499430963
PS,small microplastic,sphere,pristine,216,0.49645249076422154,0.5480948260783506,0.2448179148635536,0.3326242387261222,0.3709336433921319,0.3685958919324961,0.3981515132970395,0.6902693791610492
PET,larger microplastic,fiber,pristine,216,0.49021506431159473,0.552950982946751,0.2133793689590241,0.33667395780267695,0.3642084340044448,0.3613688988863218,0.3955276749363988,0.6719869640281481
PE,larger microplastic,fragment,pristine,216,0.48008764232774165,0.539154904456234,0.23534226006008974,0.32367744708042706,0.36208338065666856,0.36247601676355984,0.3916386272718239,0.6825452557395804
PVC,larger microplastic,fragment,pristine,216,0.4930967190218392,0.546331102802557,0.21673839620660112,0.3286085006784034,0.36242887789224093,0.35933871244363197,0.39019410213162486,0.6676127675022332
PP,larger microplastic,fragment,pristine,216,0.4778626423277416,0.5376087970857671,0.2299159900854591,0.32115828039217653,0.3594381114886969,0.35979687805713606,0.3888206047033513,0.6755337926805748
PE,small microplastic,sphere,pristine,216,0.4640347781087437,0.5294326067396884,0.2493083216136073,0.3131976864863153,0.3577841193491811,0.3608928278564691,0.38723513350243305,0.6808777660823476
PVC,small microplastic,sphere,pristine,216,0.47710730701359944,0.5367689236191141,0.22621091411026817,0.3171501133088986,0.3569585267416007,0.35649958537037124,0.384609283778045,0.6624521101313354
PET,larger microplastic,fragment,pristine,216,0.4741467190218393,0.540965195789621,0.20921621150869457,0.32240679465324124,0.35441884395415924,0.35357998681307135,0.3844365916016827,0.6552111942019243
PP,small microplastic,sphere,pristine,216,0.46180977810874363,0.5278760365289574,0.24301786383357468,0.31047091200782606,0.3548939512180844,0.35793995395994815,0.384152004335775,0.6731977880829542
PS,larger microplastic,sphere,pristine,216,0.4726245020142784,0.5327278377817174,0.21884818424247413,0.3137532626073335,0.3529072704833317,0.35293713360997975,0.3799447407677782,0.6567018808945349
PET,small microplastic,sphere,pristine,216,0.45815730701359947,0.53136380062984,0.21718525501997996,0.3106427335977785,0.3485597729750256,0.35036364974061723,0.37841339165580395,0.649212833768232
PE,larger microplastic,sphere,pristine,216,0.44030036351725893,0.5142926738839871,0.22190115205351818,0.29427852689872747,0.3394816752579517,0.34488505429379895,0.36881964958557206,0.6461782025083205
PVC,larger microplastic,sphere,pristine,216,0.45330944021135655,0.521497827505728,0.2032143931978345,0.2992187621008866,0.33978885343439696,0.34165146281131387,0.36733362440277767,0.6305664803740066
PP,larger microplastic,sphere,pristine,216,0.43807536351725884,0.5127440196181763,0.21658997567488858,0.29183498365133537,0.33686882236008864,0.342216548268687,0.3660295484410103,0.6391302678069969
PET,larger microplastic,sphere,pristine,216,0.4343594402113566,0.5161221135058649,0.195702890552224,0.2931635863310203,0.33181512035280747,0.33591682430669795,0.3615955784602975,0.6182347799377605
